Auction ID,Status,Minimum Bid,Open Date/Time,Close Date/Time,Attorney,Debt Amount,Book/Writ,OPA,Address,County,Sale Type,Final Bid,Page Status,Num Bids,Auction Closed,Page Min Bid (check),Delta vs Min Bid,% Over Min Bid,Delta vs Debt,Fetch Note
1275357,Preview,37600,07-07-26 10:00 AM,07-07-26 01:00 PM,HILL WALLACK LLP,274634,2602-371,522145900,5818 WOODCREST AVENUE PHILADELPHIA PA 19131,Philadelphia,MORTGAGE FORECLOSURE,179000,Sold to Plaintiff,11,07-07-26 01:00 PM ET,37600,141400,376.1,-95634,
1276415,Preview,39600,07-07-26 10:00 AM,07-07-26 01:00 PM,"CONSOLE MATISON, LLP",844595,2607-301,871000192,1309 FRANKFORD AVENUE PHILADELPHIA PA 19125,Philadelphia,MORTGAGE FORECLOSURE,61000,Sold to Plaintiff,11,07-07-26 01:14 PM ET,39600,21400,54.0,-783595,
1276421,Preview,25900,07-07-26 10:00 AM,07-07-26 01:00 PM,BARLEY SNYDER LLP,128730,2607-308,234231200,4726 OAKLAND STREET PHILADELPHIA PA 19124,Philadelphia,MORTGAGE FORECLOSURE,,Postponed,,07-07-26 01:00 PM ET,,,,,
1278601,Preview,14000,07-07-26 10:00 AM,07-07-26 01:00 PM,"STERN & EISENBERG, PC",67529,2607-311,453391700,2247 LARUE STREET PHILADELPHIA PA 19137,Philadelphia,MORTGAGE FORECLOSURE,67690,Sold to Plaintiff,1,07-07-26 01:00 PM ET,14000,53690,383.5,161,
1278613,Preview,13900,07-07-26 10:00 AM,07-07-26 01:00 PM,KML LAW GROUP PC,10859,2607-324,252408800,3129 JANNEY STREET PHILADELPHIA PA 19134,Philadelphia,MORTGAGE FORECLOSURE,,Postponed,,07-07-26 01:00 PM ET,,,,,
1278619,Preview,8500,07-07-26 10:00 AM,07-07-26 01:00 PM,"STERN & EISENBERG, PC",124419,2607-330,871545970,6140 LANSDOWNE AVENUE PHILADELPHIA PA 19151,Philadelphia,MORTGAGE FORECLOSURE,31000,Sold to Plaintiff,4,07-07-26 01:03 PM ET,8500,22500,264.7,-93419,
1278688,Preview,13500,07-07-26 10:00 AM,07-07-26 01:00 PM,THE MANLEY LAW FIRM LLC,35108,2604-401,888581603,110-30 BYBERRY ROAD PHILADELPHIA PA 19116,Philadelphia,MORTGAGE FORECLOSURE,,Postponed,,07-07-26 01:00 PM ET,,,,,
1279060,Preview,18400,07-07-26 10:00 AM,07-07-26 01:00 PM,HILL WALLACK LLP,197668,2607-333,452005600,2059 EAST ALLEGHENY AVENUE PHILADELPHIA PA 19134,Philadelphia,MORTGAGE FORECLOSURE,54200,Sold to Plaintiff,14,07-07-26 01:08 PM ET,18400,35800,194.6,-143468,
1279072,Preview,11300,07-07-26 10:00 AM,07-07-26 01:00 PM,"MCCABE WEISBERG & CONWAY, LLC",93708,2607-345,342198400,1717 NORTH 60TH STREET PHILADELPHIA PA 19151,Philadelphia,MORTGAGE FORECLOSURE,103100,Sold to Plaintiff,14,07-07-26 01:02 PM ET,11300,91800,812.4,9392,
1279078,Preview,12400,07-07-26 10:00 AM,07-07-26 01:00 PM,THE LAW OFFICE OF GREGORY JAVARDIAN LLC,222551,2607-351,603054200,5353 IRVING STREET PHILADELPHIA PA 19139,Philadelphia,MORTGAGE FORECLOSURE,141000,Sold to Plaintiff,22,07-07-26 01:28 PM ET,12400,128600,1037.1,-81551,
1279084,Preview,18400,07-07-26 10:00 AM,07-07-26 01:00 PM,THE MANLEY LAW FIRM LLC,146838,2607-357,522136200,5721 WYNDALE AVENUE PHILADELPHIA PA 19131,Philadelphia,MORTGAGE FORECLOSURE,157000,Sold to Plaintiff,16,07-07-26 01:00 PM ET,18400,138600,753.3,10162,
1279090,Preview,12100,07-07-26 10:00 AM,07-07-26 01:00 PM,"PINCUS LAW GROUP, PLLC",109960,2607-363,112126900,1728 WEST VENANGO STREET PHILADELPHIA PA 19140,Philadelphia,MORTGAGE FORECLOSURE,,Postponed,,07-07-26 01:00 PM ET,,,,,
1279096,Preview,18000,07-07-26 10:00 AM,07-07-26 01:00 PM,"MCCABE, WEISBERG & CONWAY, LLC",201287,2607-369,888152658,825 NORTH 29TH STREET PHILADELPHIA PA 19130,Philadelphia,MORTGAGE FORECLOSURE,,Postponed,,,,,,,
1279102,Preview,8500,07-07-26 10:00 AM,07-07-26 01:00 PM,"EISENBERG, GOLD & AGRAWAL, PC",83538,2607-375,331412900,3216 POTTER STREET PHILADELPHIA PA 19134,Philadelphia,MORTGAGE FORECLOSURE,50222,Sold,20,07-07-26 01:06 PM ET,8500,41722,490.8,-33316,
1279108,Preview,18600,07-07-26 10:00 AM,07-07-26 01:00 PM,"BROCK & SCOTT, PLLC",53173,2607-381,251009400,2708 EAST SOMERSET STREET PHILADELPHIA PA 19134,Philadelphia,MORTGAGE FORECLOSURE,90500,Sold,13,07-07-26 01:01 PM ET,18600,71900,386.6,37327,
1279114,Preview,1165800,07-07-26 10:00 AM,07-07-26 01:00 PM,"HOURIGAN, KLUGER & QUINN PC",4173339,2607-387,882841700,29-79 EAST CHELTEN AVENUE PHILADELPHIA PA 19144,Philadelphia,MORTGAGE FORECLOSURE,1167800,Sold to Plaintiff,2,07-07-26 01:00 PM ET,1165800,2000,0.2,-3005539,
1279540,Preview,17700,07-07-26 10:00 AM,07-07-26 01:00 PM,KIVITZ & KIVITZ P.C.,5715769,2607-394A & 2607-394B,452124000 & 452124100,1915 CLARENCE STREET PHILADELPHIA PA 19134 & 1917 CLARENCE STREET PHILADELPHIA PA 19134,Philadelphia,MORTGAGE FORECLOSURE,43700,Sold to Plaintiff,14,07-07-26 01:10 PM ET,17700,26000,146.9,-5672069,
1280028,Preview,17500,07-07-26 10:00 AM,07-07-26 01:00 PM,LAROCCA HORNIK GREENBERG KITTREDGE CARLIN & MCPARTLAND LLP,673186,2607-420,272130600,42 SOUTH 44TH STREET PHILADELPHIA PA 19104,Philadelphia,MORTGAGE FORECLOSURE,282000,Sold to Plaintiff,7,07-07-26 01:00 PM ET,17500,264500,1511.4,-391186,
1280034,Preview,12700,07-07-26 10:00 AM,07-07-26 01:00 PM,BARLEY SNYDER LLP,276773,2607-426,441324100,622 NORTH 48TH STREET PHILADELPHIA PA 19139,Philadelphia,MORTGAGE FORECLOSURE,167000,Sold to Plaintiff,26,07-07-26 01:17 PM ET,12700,154300,1215.0,-109773,
1280383,Preview,19400,07-07-26 10:00 AM,07-07-26 01:00 PM,HLADIK ONORATO & FEDERMAN LLP,446732,2607-416,151379600,817 CAMERON STREET PHILADELPHIA PA 19130,Philadelphia,MORTGAGE FORECLOSURE,75000,Sold to Plaintiff,21,07-07-26 01:13 PM ET,19400,55600,286.6,-371732,
1281385,Preview,25800,07-07-26 10:00 AM,07-07-26 01:00 PM,"STERN & EISENBERG, PC",217008,2605-414,222115900,355 EAST GORGAS LANE AKA 355 E GORGAS LANE PHILADELPHIA PA 19119,Philadelphia,MORTGAGE FORECLOSURE,131000,Sold to Plaintiff,3,07-07-26 01:00 PM ET,25800,105200,407.8,-86008,
1281562,Preview,15600,07-07-26 10:00 AM,07-07-26 01:00 PM,FRIEDMAN VARTOLO LLP,301987,2604-342,871517840,5052 GERMANTOWN AVENUE PHILADELPHIA PA 19144,Philadelphia,MORTGAGE FORECLOSURE,181000,Sold to Plaintiff,5,07-07-26 01:00 PM ET,15600,165400,1060.3,-120987,
1281659,Preview,11700,07-07-26 10:00 AM,07-07-26 01:00 PM,BARLEY SNYDER,55702,2603-338,492117400,5212 NORTH MARSHALL STREET PHILADELPHIA PA 19120,Philadelphia,MORTGAGE FORECLOSURE,,Postponed,,07-07-26 01:00 PM ET,,,,,
1281665,Preview,19600,07-07-26 10:00 AM,07-07-26 01:00 PM,"EISENBERG, GOLD & AGRAWAL, PC",295660,2605-421,562023310,1917 FULLER STREET PHILADELPHIA PA 19152,Philadelphia,MORTGAGE FORECLOSURE,,Postponed,,,,,,,
1281754,Preview,9400,07-07-26 10:00 AM,07-07-26 01:00 PM,"BROCK & SCOTT, PLLC",13793,2601-387,043163800,1469 NORTH HOBART STREET PHILADELPHIA PA 19131,Philadelphia,MORTGAGE FORECLOSURE,,Postponed,,07-07-26 01:00 PM ET,,,,,
1281824,Preview,19900,07-07-26 10:00 AM,07-07-26 01:00 PM,HILL WALLACK LLP,300674,2603-418,011337800,1316 SOUTH REESE PHILADELPHIA PA 19147,Philadelphia,MORTGAGE FORECLOSURE,,Postponed,,,,,,,
1282012,Preview,39200,07-07-26 10:00 AM,07-07-26 01:00 PM,MANLEY DEAS KOCHALSKI LLC,84086,2306-341,501291300,7349 LIMEKILN PIKE PHILADELPHIA PA 19138,Philadelphia,MORTGAGE FORECLOSURE,,Postponed,,07-07-26 01:00 PM ET,,,,,
1282024,Preview,9700,07-07-26 10:00 AM,07-07-26 01:00 PM,"MCCABE, WEISBERG, & CONWAY, LLC",203022,2504-423,511143100,5221 FLORENCE AVENUE PHILADELPHIA PA 19143,Philadelphia,MORTGAGE FORECLOSURE,,Postponed,,,,,,,
1282076,Preview,16200,07-07-26 10:00 AM,07-07-26 01:00 PM,"STERN & EISENBERG, PC",300275,2602-379,232096100, 2120-22 ORTHODOX STREET PHILADELPHIA PA 19124,Philadelphia,MORTGAGE FORECLOSURE,,Postponed,,,,,,,
1282082,Preview,30100,07-07-26 10:00 AM,07-07-26 01:00 PM,WEBER GALLAGHER SIMPSON STAPLETON FIRES & NEWBY LLP,182170,2603-332,511083400,5306 ANGORA TERRACE PHILADELPHIA PA 19143,Philadelphia,MORTGAGE FORECLOSURE,,Postponed,,07-07-26 01:00 PM ET,,,,,
1282088,Preview,15000,07-07-26 10:00 AM,07-07-26 01:00 PM,HILL WALLACK LLP,173352,2603-420,252372600,3056 TULIP STREET PHILADELPHIA PA 19134,Philadelphia,MORTGAGE FORECLOSURE,,Postponed,,,,,,,
1282244,Preview,25400,07-07-26 10:00 AM,07-07-26 01:00 PM,"KML LAW GROUP, P.C.",389749,2604-431,344157600,7029 BRENTWOOD ROAD PHILADELPHIA PA 19151,Philadelphia,MORTGAGE FORECLOSURE,84000,Sold to Plaintiff,5,07-07-26 01:00 PM ET,25400,58600,230.7,-305749,
1282268,Preview,16500,07-07-26 10:00 AM,07-07-26 01:00 PM,STERN & EISENBERG PC,155417,2605-397,604101000,5638 PINE STREET PHILADELPHIA PA 19143,Philadelphia,MORTGAGE FORECLOSURE,,Postponed,,07-07-26 01:00 PM ET,,,,,
1282468,Preview,10700,07-07-26 10:00 AM,07-07-26 01:00 PM,"MCCALLA RAYMER LEIBERT PIERCE, LLP",671057,2602-334,371142700,2252 NORTH DELHI STREET PHILADELPHIA PA 19133,Philadelphia,MORTGAGE FORECLOSURE,32700,Sold to Plaintiff,12,07-07-26 01:00 PM ET,10700,22000,205.6,-638357,
1282573,Preview,15100,07-07-26 10:00 AM,07-07-26 01:00 PM,LAROCCA HORNIK GREENBERG KITTREDGE CARLIN & MCPARTLAND LLP,173678,2605-361,101297100,1823 72ND AVENUE PHILADELPHIA PA 19126,Philadelphia,MORTGAGE FORECLOSURE,,Postponed,,07-07-26 01:00 PM ET,,,,,
1282579,Preview,17600,07-07-26 10:00 AM,07-07-26 01:00 PM,FRIEDMAN VARTOLO LLP,248656,2605-404,011022900,212 WILDER STREET PHILADELPHIA PA 19147,Philadelphia,MORTGAGE FORECLOSURE,,Postponed,,,,,,,
1285399,Preview,29100,07-07-26 10:00 AM,07-07-26 01:00 PM,ORLANS ASSOCIATES PC,129242,2606-439,343139200,418 EDGEMORE ROAD PHILADELPHIA PA 19151,Philadelphia,MORTGAGE FORECLOSURE,,Postponed,,,,,,,
1286655,Preview,26600,07-07-26 10:00 AM,07-07-26 01:00 PM,THE MANLEY LAW FIRM LLC,413260,2606-423,056161545,514 POPLAR STREET PHILADELPHIA PA 19123,Philadelphia,MORTGAGE FORECLOSURE,,Postponed,,07-07-26 01:00 PM ET,,,,,
1287028,Preview,41000,07-07-26 10:00 AM,07-07-26 01:00 PM,MATTIONI LTD,463058,2605-376,311170900,2605 FRANKFORD AVENUE PHILADELPHIA PA 19125,Philadelphia,MORTGAGE FORECLOSURE,,Postponed,,,,,,,
1287064,Preview,35000,07-07-26 10:00 AM,07-07-26 01:00 PM,LAW OFF OF CHRISTOPHER DEAN PROF LLC,104360,2606-426B & 2606-426A,871117700 & 871532550,1818 EAST ALLEGHENY AVENUE PHILADELPHIA PA 19134 & 1816 EAST ALLEGHENY AVENUE PHILADELPHIA PA 19134,Philadelphia,MORTGAGE FORECLOSURE,71000,Sold,4,07-07-26 01:04 PM ET,35000,36000,102.9,-33360,
1287484,Preview,19600,07-07-26 10:00 AM,07-07-26 01:00 PM,HILL WALLACK LLP,252188,2606-343,514079800,5454 WINDSOR STREET PHILADELPHIA PA 19143,Philadelphia,MORTGAGE FORECLOSURE,,Postponed,,07-07-26 01:00 PM ET,,,,,
1287789,Preview,68600,07-07-26 10:00 AM,07-07-26 01:00 PM,"HLADIK, ONORATO & FEDERMAN, LLP",846798,2512-441,472059600,1944 CECIIL B. MOORE AVENUE PHILADELPHIA PA 19121,Philadelphia,MORTGAGE FORECLOSURE,,Postponed,,07-07-26 01:01 PM ET,,,,,
1287952,Preview,81900,07-07-26 10:00 AM,07-07-26 01:00 PM,"STERN & EISENBERG, PC",193556,2510-443,342359900,745 NORTH 63RD STREET PHILADELPHIA PA 19151,Philadelphia,MORTGAGE FORECLOSURE,101900,Sold to Plaintiff,5,07-07-26 01:00 PM ET,81900,20000,24.4,-91656,
1293114,Preview,23800,07-07-26 10:00 AM,07-07-26 01:00 PM,"HLADIK, ONORATO & FEDERMAN, LLP",80515,2507-387,501281400,7330 LIMELKILN PIKE PHILADELPHIA PA 19138,Philadelphia,MORTGAGE FORECLOSURE,,Postponed,,,,,,,
1293407,Preview,650200,07-07-26 10:00 AM,07-07-26 01:00 PM,"MCCARTER & ENGLISH, LLP",18884218,2603-442C & 2603-442B & 2603-442A,881121040 & 881121035 & 881121800,4416-4418 WALNUT STREET PHILADELPHIA PA 19104 & 4412-4414 WALNUT STREET PHILADELPHIA PA 19104 & 4401-4411 WALNUT STREET PHILADELPHIA PA 19104,Philadelphia,MORTGAGE FORECLOSURE,,Postponed,,07-07-26 01:00 PM ET,,,,,
1273219,Preview,15400,07-07-26 10:00 AM,07-07-26 01:10 PM,"KML LAW GROUP, P.C.",14920,2604-369,332214900,3829 ELSINORE STREET PHILADELPHIA PA 19124,Philadelphia,MORTGAGE FORECLOSURE,,Stayed,,07-07-26 01:10 PM ET,,,,,
1273807,Preview,22000,07-07-26 10:00 AM,07-07-26 01:10 PM,FRIEDMAN VARTOLO LLP,103117,2602-424,511070900,1147 SOUTH 54TH STREET PHILADELPHIA PA 19143,Philadelphia,MORTGAGE FORECLOSURE,30000,Sold to Plaintiff,5,07-07-26 01:10 PM ET,22000,8000,36.4,-73117,
1275406,Preview,22100,07-07-26 10:00 AM,07-07-26 01:10 PM,"STERN & EISENBERG, PC",310793,2502-361,191423900,505 WEST DAUPHIN STREET PHILADELPHIA PA 19133,Philadelphia,MORTGAGE FORECLOSURE,,Postponed,,07-07-26 01:10 PM ET,,,,,
1275554,Preview,19400,07-07-26 10:00 AM,07-07-26 01:10 PM,"KML LAW GROUP, P.C.",71164,2604-363,404072100,2615 SOUTH 73RD STREET PHILADELPHIA PA 19153,Philadelphia,MORTGAGE FORECLOSURE,,Stayed,,07-07-26 01:10 PM ET,,,,,
1275765,Preview,43000,07-07-26 10:00 AM,07-07-26 01:10 PM,"FRIEDMAN, SCHUMAN, LAYSER, P.C.",740629,2603-404,882067780,5801-03 GERMANTOWN AVENUE PHILADELPHIA PA 19144,Philadelphia,MORTGAGE FORECLOSURE,,Postponed,,07-07-26 01:10 PM ET,,,,,
1278614,Preview,19900,07-07-26 10:00 AM,07-07-26 01:10 PM,"STERN & EISENBERG, PC",133730,2607-325,012126300,743 WATKINS STREET PHILADELPHIA PA 19148,Philadelphia,MORTGAGE FORECLOSURE,104000,Sold to Plaintiff,7,07-07-26 01:10 PM ET,19900,84100,422.6,-29730,
1279073,Preview,29700,07-07-26 10:00 AM,07-07-26 01:10 PM,"BROCK & SCOTT, PLLC",319313,2607-346,451457910,2210 EAST PACIFIC STREET PHILADELPHIA PA 19134,Philadelphia,MORTGAGE FORECLOSURE,,Stayed,,07-07-26 01:10 PM ET,,,,,
1279079,Preview,11900,07-07-26 10:00 AM,07-07-26 01:10 PM,"LAW OFFICE OF GREGORY JAVARDIAN, LLC",70147,2607-352,612365000,5842 NORTH 4TH STREET PHILADELPHIA PA 19120,Philadelphia,MORTGAGE FORECLOSURE,,Stayed,,07-07-26 01:10 PM ET,,,,,
1279091,Preview,17200,07-07-26 10:00 AM,07-07-26 01:10 PM,"KML LAW GROUP, P.C.",365019,2607-364,393074400,609 JACKSON STREET PHILADELPHIA PA 19148,Philadelphia,MORTGAGE FORECLOSURE,136000,Sold to Plaintiff,7,07-07-26 01:13 PM ET,17200,118800,690.7,-229019,
1279097,Preview,18300,07-07-26 10:00 AM,07-07-26 01:10 PM,"MCCABE, WEISBERG & CONWAY, LLC",275615,2607-370,152269700,2731 RENO STREET PHILADELPHIA PA 19130,Philadelphia,MORTGAGE FORECLOSURE,,Postponed,,07-07-26 01:10 PM ET,,,,,
1279109,Preview,34300,07-07-26 10:00 AM,07-07-26 01:10 PM,HILL WALLACK LLP,166012,2607-382,301219500,1918 MONTROSE STREET PHILADELPHIA PA 19146,Philadelphia,MORTGAGE FORECLOSURE,,Stayed,,07-07-26 01:10 PM ET,,,,,
1279541,Preview,50700,07-07-26 10:00 AM,07-07-26 01:10 PM,FRIEDMAN VARTOLO LLP,829953,2607-395C & 2607-395A & 2607-395B,034103400 & 514089400 & 463097300,5909 BELMAR STREET PHILADELPHIA PA 19143 & 5429 BELMAR STREET PHILADELPHIA PA 19143 & 5647 CATHARINE STREET PHILADELPHIA PA 19143,Philadelphia,MORTGAGE FORECLOSURE,,Postponed,,,,,,,
1279904,Preview,23900,07-07-26 10:00 AM,07-07-26 01:10 PM,STERN & EISENBERG PC,807530,2605-400,371285100,2335 NORTH PARK AVENUE PHILADELPHIA PA 19132,Philadelphia,MORTGAGE FORECLOSURE,101900,Sold to Plaintiff,8,07-07-26 01:13 PM ET,23900,78000,326.4,-705630,
1280011,Preview,13500,07-07-26 10:00 AM,07-07-26 01:10 PM,"KML LAW GROUP, P.C.",202533,2607-399,034125200,1532 SOUTH 58TH STREET PHILADELPHIA PA 19143,Philadelphia,MORTGAGE FORECLOSURE,59500,Sold to Plaintiff,16,07-07-26 01:16 PM ET,13500,46000,340.7,-143033,
1280023,Preview,23100,07-07-26 10:00 AM,07-07-26 01:10 PM,KML LAW GROUP P.C.,295000,2607-411,342111200,6148 WEST COLUMBIA AVENUE PHILADELPHIA PA 19151,Philadelphia,MORTGAGE FORECLOSURE,,Postponed,,07-07-26 01:10 PM ET,,,,,
1280029,Preview,11000,07-07-26 10:00 AM,07-07-26 01:10 PM,HILL WALLACK LLP,96055,2607-421,344279100,718 MARLYN ROAD PHILADELPHIA PA 19151,Philadelphia,MORTGAGE FORECLOSURE,101000,Sold,10,07-07-26 01:10 PM ET,11000,90000,818.2,4945,
1280035,Preview,13100,07-07-26 10:00 AM,07-07-26 01:10 PM,"LEOPOLD & ASSOCIATES, PLLC",96421,2607-427,352062700,1072 ALCOTT STREET PHILADELPHIA PA 19149,Philadelphia,MORTGAGE FORECLOSURE,,Postponed,,07-07-26 01:10 PM ET,,,,,
1280384,Preview,17300,07-07-26 10:00 AM,07-07-26 01:10 PM,HLADIK ONORATO & FEDERMAN LLP,,2607-417,322182400,2044 NORTH 25TH STREET PHILADELPHIA PA 19121,Philadelphia,MORTGAGE FORECLOSURE,,Postponed,,07-07-26 01:17 PM ET,,,,,
1281380,Preview,20200,07-07-26 10:00 AM,07-07-26 01:10 PM,LAW OFFICE OF GREGORY JAVARDIAN LLC,69799,2605-357,532351800,1306 ENGLEWOOD STREET PHILADELPHIA PA 19111,Philadelphia,MORTGAGE FORECLOSURE,,Postponed,,07-07-26 01:10 PM ET,,,,,
1281387,Preview,42800,07-07-26 10:00 AM,07-07-26 01:10 PM,KIVITZ & KIVITZ P.C.,350000,2605-440B & 2605-440A,581065100 & 581060700,2117 BOWLER STREET PHILADELPHIA PA 19115 & 2112 BOWLER STREET PHILADELPHIA PA 19115,Philadelphia,MORTGAGE FORECLOSURE,,Postponed,,07-07-26 01:10 PM ET,,,,,
1281666,Preview,22100,07-07-26 10:00 AM,07-07-26 01:10 PM,MCCALLA RAYMER LEIBERT PIERCE,112804,2605-454,551542200,6704 ROWLAND AVENUE PHILADELPHIA PA 19149,Philadelphia,MORTGAGE FORECLOSURE,,Postponed,,07-07-26 01:10 PM ET,,,,,
1281825,Preview,10400,07-07-26 10:00 AM,07-07-26 01:10 PM,HILL WALLACK LLP,111374,2603-421,441105400,232 RAMSEY STREET AKA 232 NORTH RAMSEY STREET PHILADELPHIA PA 19139,Philadelphia,MORTGAGE FORECLOSURE,,Postponed,,,,,,,
1282043,Preview,37600,07-07-26 10:00 AM,07-07-26 01:10 PM,MANLEY DEAS KOCHALSKI LLC,25295,2509-389,234108300,1124 FILLMORE STREET PHILADELPHIA PA 19124,Philadelphia,MORTGAGE FORECLOSURE,,Postponed,,07-07-26 01:10 PM ET,,,,,
1282049,Preview,14800,07-07-26 10:00 AM,07-07-26 01:10 PM,"KML LAW GROUP, P.C.",34903,2511-325,402032900,2433 SOUTH EDGEWOOD STREET PHILADELPHIA PA 19142,Philadelphia,MORTGAGE FORECLOSURE,,Postponed,,07-07-26 01:10 PM ET,,,,,
1282055,Preview,7800,07-07-26 10:00 AM,07-07-26 01:10 PM,FRIEDMAN VARTOLO LLP,740394,2512-473B,121024300,78 EAST CLAPIER STREET PHILADELPHIA PA 19144,Philadelphia,MORTGAGE FORECLOSURE,49800,Sold to Plaintiff,15,07-07-26 01:13 PM ET,7800,42000,538.5,-690594,
1282089,Preview,17400,07-07-26 10:00 AM,07-07-26 01:10 PM,HILL WALLACK LLP,192784,2603-422,251405300,3067 CHATHAM STREET PHILADELPHIA PA 19134,Philadelphia,MORTGAGE FORECLOSURE,,Postponed,,,,,,,
1282251,Preview,26100,07-07-26 10:00 AM,07-07-26 01:10 PM,"PINCUS LAW GROUP, PLLC",1186630,2605-312,251182600,3077 SALMON STREET PHILADELPHIA PA 19134,Philadelphia,MORTGAGE FORECLOSURE,,Postponed,,07-07-26 01:10 PM ET,,,,,
1282257,Preview,26200,07-07-26 10:00 AM,07-07-26 01:10 PM,THE MANLEY LAW FIRM LLC,53168,2605-338,021161500,805 ALTER STREET PHILADELPHIA PA 19147,Philadelphia,MORTGAGE FORECLOSURE,292000,Sold,58,07-07-26 02:41 PM ET,26200,265800,1014.5,238832,
1282263,Preview,16200,07-07-26 10:00 AM,07-07-26 01:10 PM,"EISENBERG, GOLD & AGRAWAL, PC",67797,2605-379,101287800,1968 DALLAS STREET A/K/A 1968 DALLAS ROAD PHILADELPHIA PA 19138,Philadelphia,MORTGAGE FORECLOSURE,,Postponed,,,,,,,
1282275,Preview,11900,07-07-26 10:00 AM,07-07-26 01:10 PM,THE MANLEY LAW FIRM LLC,49490,2605-427,162218500,2606 NORTH 22ND STREET PHILADELPHIA PA 19132,Philadelphia,MORTGAGE FORECLOSURE,,Postponed,,,,,,,
1282574,Preview,15500,07-07-26 10:00 AM,07-07-26 01:10 PM,LAROCCA HORNIK GREENBERG KITTREDGE CARLIN & MCPARTLAND LLP,123393,2605-362,441161600,31 NORTH 53RD STREET PHILADELPHIA PA 19139,Philadelphia,MORTGAGE FORECLOSURE,,Postponed,,07-07-26 01:10 PM ET,,,,,
1282580,Preview,22900,07-07-26 10:00 AM,07-07-26 01:10 PM,LAROCCA HORNIK GREENBERG KITTREDGE CARLIN & MCPARTLAND LLP,161091,2605-410,491424500,4835 NORTH MARVINE STREET PHILADELPHIA PA 19141,Philadelphia,MORTGAGE FORECLOSURE,,Postponed,,07-07-26 01:10 PM ET,,,,,
1283024,Preview,80700,07-07-26 10:00 AM,07-07-26 01:10 PM,FRIEDMAN VARTOLO LLP,441148,2601-430B & 2601-430A & 2601-430C,043111200 & 041119700 & 441219900,1321 NORTH ALDEN STREET PHILADELPHIA PA 19131 & 10 NORTH YEWDALL STREET PHILADELPHIA PA 19139 & 5041 HAVERFORD AVENUE PHILADELPHIA PA 19139,Philadelphia,MORTGAGE FORECLOSURE,80700,Sold to Plaintiff,1,07-07-26 01:10 PM ET,80700,0,0.0,-360448,
1285211,Preview,22900,07-07-26 10:00 AM,07-07-26 01:10 PM,"KML LAW GROUP, P.C.",101196,2602-330,102502100,6962 CEDAR PARK AVENUE PHILADELPHIA PA 19138,Philadelphia,MORTGAGE FORECLOSURE,,Postponed,,07-07-26 01:10 PM ET,,,,,
1286172,Preview,11800,07-07-26 10:00 AM,07-07-26 01:10 PM,FRIEDMAN VARTOLO LLP,413905,2604-330,112059100,1627 WEST ONTARIO STREET PHILADELPHIA PA 19140,Philadelphia,MORTGAGE FORECLOSURE,,Postponed,,,,,,,
1286638,Preview,19000,07-07-26 10:00 AM,07-07-26 01:10 PM,"MCCABE, WEISBERG & CONWAY, LLC",288664,2605-308,361237700,2515 ELLSWORTH STREET PHILADELPHIA PA 19146,Philadelphia,MORTGAGE FORECLOSURE,223000,Sold,35,07-07-26 01:12 PM ET,19000,204000,1073.7,-65664,
1286937,Preview,29000,07-07-26 10:00 AM,07-07-26 01:10 PM,ZARWIN BAUM DEVITO KAPLAN SCHAER TODDY PC,113685,2501-388,621203900,2115 STEVENS STREET PHILADELPHIA PA 19149,Philadelphia,MORTGAGE FORECLOSURE,,Postponed,,07-07-26 01:10 PM ET,,,,,
1286993,Preview,326700,07-07-26 10:00 AM,07-07-26 01:10 PM,FLECK ECKERT KLEIN  LLC,7500323,2603-452,881560523,1701 FAIRMOUNT AVENUE PHILADELPHIA PA 19130,Philadelphia,MORTGAGE FORECLOSURE,,Postponed,,07-07-26 01:10 PM ET,,,,,
1287017,Preview,15300,07-07-26 10:00 AM,07-07-26 01:10 PM,HILL WALLACK LLP,134980,2604-413,191233000,2357 NORTH LEIITHGOW STREET PHILADELPHIA PA 19133,Philadelphia,MORTGAGE FORECLOSURE,53000,Sold to Plaintiff,10,07-07-26 01:10 PM ET,15300,37700,246.4,-81980,
1287431,Preview,31600,07-07-26 10:00 AM,07-07-26 01:10 PM,"KAPLIN, STEWART, MELOFF REITER & STEIN, P.C.",184830,2601-350,101272200,1956 GEORGIAN ROAD PHILADELPHIA PA 19138,Philadelphia,MORTGAGE FORECLOSURE,,Postponed,,07-07-26 01:10 PM ET,,,,,
1287443,Preview,12700,07-07-26 10:00 AM,07-07-26 01:10 PM,FRIEDMAN VARTOLO LLP,848404,2602-473,161174900,2626 NORTH 17TH STREET PHILADELPHIA PA 19132,Philadelphia,MORTGAGE FORECLOSURE,30700,Sold to Plaintiff,10,07-07-26 01:10 PM ET,12700,18000,141.7,-817704,
1287491,Preview,29600,07-07-26 10:00 AM,07-07-26 01:10 PM,"BROCK & SCOTT, PLLC",260085,2606-368,59206 4700,452 EAST WALNUT LANE PHILADELPHIA PA 19144,Philadelphia,MORTGAGE FORECLOSURE,121000,Sold to Plaintiff,3,07-07-26 01:10 PM ET,29600,91400,308.8,-139085,
1293408,Preview,379100,07-07-26 10:00 AM,07-07-26 01:10 PM,"MCCARTER & ENGLISH, LLP",18884218,2603-443A & 2603-443C & 2603-443B,881121041 & 881121032 & 881121031,4400-02 WALNUT STREET PHILADELPHIA PA 19104 & 4408-4410 WALNUT STREET PHILADELPHIA PA 19104 & 4404-4406 WALNUT STREET PHILADELPHIA PA 19104,Philadelphia,MORTGAGE FORECLOSURE,,Postponed,,07-07-26 01:10 PM ET,,,,,
1275430,Preview,35400,07-07-26 10:00 AM,07-07-26 01:20 PM,"ROBERTSON, ANSCHUTZ, SCHNEID, CRANE & PARTNERS, PLLC",94726,2601-376,4620029700,5146 HAZEL AVENUE PHILADELPHIA PA 19143,Philadelphia,MORTGAGE FORECLOSURE,,Postponed,,07-07-26 01:20 PM ET,,,,,
1276297,Preview,39300,07-07-26 10:00 AM,07-07-26 01:20 PM,"LAW OFFICES OF MICHAEL KULDINER, PC",717923,2604-336,871217750,1703 POPLAR STREET PHILADELPHIA PA 19130,Philadelphia,MORTGAGE FORECLOSURE,,Postponed,,07-07-26 01:40 PM ET,,,,,
1276423,Preview,9800,07-07-26 10:00 AM,07-07-26 01:20 PM,STERN & EISENBERG PC,243740,2607-310,441164200,117 NORTH 53RD STREET A/K/A 117 N. 53RD STREET PHILADELPHIA PA 19139,Philadelphia,MORTGAGE FORECLOSURE,78053,Sold to Plaintiff,31,07-07-26 01:43 PM ET,9800,68253,696.5,-165687,
1278603,Preview,23700,07-07-26 10:00 AM,07-07-26 01:20 PM,"STERN & EISENBERG, PC",237344,2607-314,453191000,4338 ALMOND STREET AKA 4338 ALMOND STREET PHILADELPHIA PA 19137,Philadelphia,MORTGAGE FORECLOSURE,61700,Sold to Plaintiff,13,07-07-26 01:36 PM ET,23700,38000,160.3,-175644,
1278609,Preview,22300,07-07-26 10:00 AM,07-07-26 01:20 PM,"STERN & EISENBERG, PC",80654,2607-320,301375400,1044 SOUTH CLEVELAND STREET PHILADELPHIA PA 19146,Philadelphia,MORTGAGE FORECLOSURE,,Postponed,,,,,,,
1278615,Preview,18200,07-07-26 10:00 AM,07-07-26 01:20 PM,"STERN & EISENBERG, PC",204406,2607-326,612443900,5917 MASCHER STREET PHILADELPHIA PA 19120,Philadelphia,MORTGAGE FORECLOSURE,,Postponed,,,,,,,
1279074,Preview,15300,07-07-26 10:00 AM,07-07-26 01:20 PM,"BROCK & SCOTT, PLLC",45073,2607-347,171349100,1725 COLONIAL STREET PHILADELPHIA PA 19126,Philadelphia,MORTGAGE FORECLOSURE,,Stayed,,07-07-26 01:20 PM ET,,,,,
1279086,Preview,7200,07-07-26 10:00 AM,07-07-26 01:20 PM,HILL WALLACK LLP,463276,2607-359,292111910,1431 NORTH NEWKIRK STREET PHILADELPHIA PA 19121,Philadelphia,MORTGAGE FORECLOSURE,,Postponed,,07-07-26 01:20 PM ET,,,,,
1279104,Preview,21900,07-07-26 10:00 AM,07-07-26 01:20 PM,"BROCK & SCOTT, PLLC",239837,2607-377,888062402,"901 N PENN STREET UNIT F-704, AKA 873-922 PENN STREET, UNIT F-704 PHILADELPHIA PA 19123",Philadelphia,MORTGAGE FORECLOSURE,257000,Sold to Plaintiff,23,07-07-26 02:14 PM ET,21900,235100,1073.5,17163,
1279110,Preview,7300,07-07-26 10:00 AM,07-07-26 01:20 PM,LOGS LEGAL GROUP LLP,67827,2607-383,381097700,2956 NORTH STILLMAN STREET PHILADELPHIA PA 19132,Philadelphia,MORTGAGE FORECLOSURE,30100,Sold,9,07-07-26 01:20 PM ET,7300,22800,312.3,-37727,
1279116,Preview,14200,07-07-26 10:00 AM,07-07-26 01:20 PM,FRIEDMAN VARTOLO LLP,127937,2607-389,344131200,7320 WOODBINE AVENUE PHILADELPHIA PA 19151,Philadelphia,MORTGAGE FORECLOSURE,131125,Sold,12,07-07-26 01:20 PM ET,14200,116925,823.4,3188,
1280012,Preview,42300,07-07-26 10:00 AM,07-07-26 01:20 PM,"ROMANO GARUBO & ARFENTIERI, COUNSELORS AT LAW LLC",819430,2607-400,321214200,1821 NORTH 18TH STREET PHILADELPHIA PA 19121,Philadelphia,MORTGAGE FORECLOSURE,301000,Sold to Plaintiff,37,07-07-26 01:41 PM ET,42300,258700,611.6,-518430,
1280018,Preview,19500,07-07-26 10:00 AM,07-07-26 01:20 PM,HILL WALLACK LLP,195955,2607-406,562416400,9365 HOFF STREET PHILADELPHIA PA 19115,Philadelphia,MORTGAGE FORECLOSURE,,Postponed,,07-07-26 01:20 PM ET,,,,,
1280024,Preview,15200,07-07-26 10:00 AM,07-07-26 01:20 PM,HILL WALLACK LLP,100222,2607-412,232391000,4657 EDMUND STREET PHILADELPHIA PA 19124,Philadelphia,MORTGAGE FORECLOSURE,,Postponed,,,,,,,
1280030,Preview,30200,07-07-26 10:00 AM,07-07-26 01:20 PM,"BROCK & SCOTT, PLLC",255817,2607-422,122109200,330 EAST CHELTEN AVENUE PHILADELPHIA PA 19144,Philadelphia,MORTGAGE FORECLOSURE,201000,Sold to Plaintiff,30,07-07-26 01:20 PM ET,30200,170800,565.6,-54817,
1281544,Preview,21300,07-07-26 10:00 AM,07-07-26 01:20 PM,"BROCK & SCOTT, PLLC",380710,2507-408,571268200,8918 MAXWELL PLACE PHILADELPHIA PA 19152,Philadelphia,MORTGAGE FORECLOSURE,,Postponed,,07-07-26 01:20 PM ET,,,,,
1281655,Preview,25200,07-07-26 10:00 AM,07-07-26 01:20 PM,"ROMANO GARUBO & ARENTIERI COUNSELORS AT LAW, LLC",104989,2407-393,482234400,2247 SOUTH HEMBERGER STREET PHILADELPHIA PA 19145,Philadelphia,MORTGAGE FORECLOSURE,,Postponed,,07-07-26 01:20 PM ET,,,,,
1282026,Preview,8700,07-07-26 10:00 AM,07-07-26 01:20 PM,"PINCUS LAW GROUP, PLLC",185211,2505-316,322146400,1959 NORTH 24TH STREET PHILADELPHIA PA 19121,Philadelphia,MORTGAGE FORECLOSURE,,Postponed,,07-07-26 01:20 PM ET,,,,,
1282044,Preview,17800,07-07-26 10:00 AM,07-07-26 01:20 PM,"MCCABE WEISBERG & CONWAY, LLC",49642,2510-348,622124400,1706 SCATTERGOOD STREET PHILADELPHIA PA 19124,Philadelphia,MORTGAGE FORECLOSURE,,Postponed,,07-07-26 01:20 PM ET,,,,,
1282050,Preview,22100,07-07-26 10:00 AM,07-07-26 01:20 PM,"KML LAW GROUP, P.C.",219351,2511-390,561290800,1415-17 TUDOR STREET PHILADELPHIA PA 19111,Philadelphia,MORTGAGE FORECLOSURE,255600,Sold to Plaintiff,1,07-07-26 01:20 PM ET,22100,233500,1056.6,36249,
1282066,Preview,18000,07-07-26 10:00 AM,07-07-26 01:20 PM,MDK LEGAL,176941,2601-373,421581600,4631 TAMPA STREET PHILADELPHIA PA 19120,Philadelphia,MORTGAGE FORECLOSURE,101400,Sold,14,07-07-26 01:20 PM ET,18000,83400,463.3,-75541,
1282090,Preview,16800,07-07-26 10:00 AM,07-07-26 01:20 PM,HILL WALLACK LLP,211679,2603-424,131142900,3759 NORTH 15TH STREET PHILADELPHIA PA 19140,Philadelphia,MORTGAGE FORECLOSURE,,Postponed,,,,,,,
1282252,Preview,36700,07-07-26 10:00 AM,07-07-26 01:20 PM,HILL WALLACK LLP,557383,2605-318,323122200,3212 DIAMOND STREET PHILADELPHIA PA 19121,Philadelphia,MORTGAGE FORECLOSURE,,Postponed,,07-07-26 01:20 PM ET,,,,,
1282264,Preview,9000,07-07-26 10:00 AM,07-07-26 01:20 PM,"PINCUS LAW GROUP, PLLC",296631,2605-380,324164300,1647 NORTH DOVER STREET PHILADELPHIA PA 19121,Philadelphia,MORTGAGE FORECLOSURE,43000,Sold to Plaintiff,12,07-07-26 01:23 PM ET,9000,34000,377.8,-253631,
1282270,Preview,14300,07-07-26 10:00 AM,07-07-26 01:20 PM,FRIEDMAN VARTOLO LLP,189539,2605-405,261133700,2418 SOUTH CARLISLE STREET PHILADELPHIA PA 19145,Philadelphia,MORTGAGE FORECLOSURE,,Postponed,,07-07-26 01:20 PM ET,,,,,
1282423,Preview,28000,07-07-26 10:00 AM,07-07-26 01:20 PM,FRIEDMAN VARTOLO LLP,148804,2503-354,363176000,1712 SOUTH 18TH STREET PHILADELPHIA PA 19145,Philadelphia,MORTGAGE FORECLOSURE,164000,Sold to Plaintiff,4,07-07-26 01:20 PM ET,28000,136000,485.7,15196,
1282433,Preview,10100,07-07-26 10:00 AM,07-07-26 01:20 PM,"ROBERTSON, ANSCHUTZ, SCHNEID, CRANE & PARTNERS, PLLC",12402,2507-341,132070300,4245 NORTH HICKS STREET PHILADELPHIA PA 19140,Philadelphia,MORTGAGE FORECLOSURE,,Postponed,,07-07-26 01:20 PM ET,,,,,
1282491,Preview,20000,07-07-26 10:00 AM,07-07-26 01:20 PM,PARKER MCCAY P.A.,33955,2603-429,481361600,1909 SOUTH 21ST STREET PHILADELPHIA PA 19145,Philadelphia,MORTGAGE FORECLOSURE,126000,Sold,47,07-07-26 01:53 PM ET,20000,106000,530.0,92045,
1285227,Preview,14600,07-07-26 10:00 AM,07-07-26 01:20 PM,"MCCALLA RAYMER LEIBERT PIERCE, LLP",318888,2605-321,292040300,2705 WEST THOMPSON STREET PHILADELPHIA PA 19121,Philadelphia,MORTGAGE FORECLOSURE,,Postponed,,07-07-26 01:20 PM ET,,,,,
1286173,Preview,41400,07-07-26 10:00 AM,07-07-26 01:20 PM,FRIEDMAN VARTOLO LLP,413905,2604-446A & 2604-446C & 2604-446B,111094900 & 111108800 & 111108500,1636 WEST TORONTO STREET PHILADELPHIA PA 19132 & 1624 WEST CLEARFIELD STREET PHILADELPHIA PA 19132 & 1618 WEST CLEARFIELD STREET PHILADELPHIA PA 19132,Philadelphia,MORTGAGE FORECLOSURE,,Postponed,,,,,,,
1286633,Preview,16000,07-07-26 10:00 AM,07-07-26 01:20 PM,BARLEY SNYDER,250152,2604-399,232206600,1613 HARRISON STREET PHILADELPHIA PA 19125,Philadelphia,MORTGAGE FORECLOSURE,95000,Sold to Plaintiff,19,07-07-26 01:37 PM ET,16000,79000,493.8,-155152,
1286645,Preview,20600,07-07-26 10:00 AM,07-07-26 01:20 PM,"STERN & EISENBERG, PC",102611,2606-334,621478800,5014 NORTH PENN STREET PHILADELPHIA PA 19124,Philadelphia,MORTGAGE FORECLOSURE,137000,Sold,14,07-07-26 01:37 PM ET,20600,116400,565.0,34389,
1286976,Preview,14800,07-07-26 10:00 AM,07-07-26 01:20 PM,LOGS LEGAL GROUP LLP,299871,2512-474,172284500,6536 NORTH 18TH STREET PHILADELPHIA PA 19126,Philadelphia,MORTGAGE FORECLOSURE,88600,Sold,11,07-07-26 01:42 PM ET,14800,73800,498.6,-211271,
1286994,Preview,76300,07-07-26 10:00 AM,07-07-26 01:20 PM,FLECK ECKERT KLEIN  LLC,728579,2603-455,882935885,2517-19 WEST GIRARD AVENUE PHILADELPHIA PA 19130,Philadelphia,MORTGAGE FORECLOSURE,,Postponed,,,,,,,
1287000,Preview,26500,07-07-26 10:00 AM,07-07-26 01:20 PM,THE LAW OFFICE OF GREGORY JAVARDIAN LLC,178892,2604-338,551185000,3219 RAWLE STREET PHILADELPHIA PA 19149,Philadelphia,MORTGAGE FORECLOSURE,,Postponed,,07-07-26 01:20 PM ET,,,,,
1287408,Preview,9900,07-07-26 10:00 AM,07-07-26 01:20 PM,LAW OFFICE OF GREGORY JAVARDIAN LLC,79477,2506-378,364353800,1409 SOUTH NEWKIRK STREET PHILADELPHIA PA 19146,Philadelphia,MORTGAGE FORECLOSURE,,Postponed,,07-07-26 01:20 PM ET,,,,,
1287420,Preview,15600,07-07-26 10:00 AM,07-07-26 01:20 PM,FRIEDMAN VARTOLO LLP,336185,2511-316,364036600,2336 DICKINSON STREET PHILADELPHIA PA 19146,Philadelphia,MORTGAGE FORECLOSURE,,Postponed,,,,,,,
1287456,Preview,26400,07-07-26 10:00 AM,07-07-26 01:20 PM,"KML LAW GROUP, P.C.",179874,2604-311,405181421,8502 LYONS PLACE PHILADELPHIA PA 19153,Philadelphia,MORTGAGE FORECLOSURE,,Stayed,,07-07-26 01:20 PM ET,,,,,
1287798,Preview,17200,07-07-26 10:00 AM,07-07-26 01:20 PM,KML LAW GROUP P.C.,132419,2606-358,011397700,436 MCCLELLAN STREET PHILADELPHIA PA 19148,Philadelphia,MORTGAGE FORECLOSURE,,Stayed,,07-07-26 01:20 PM ET,,,,,
1293140,Preview,17600,07-07-26 10:00 AM,07-07-26 01:20 PM,"LEOPOLD & ASSOCIATES, PLLC",284148,2607-404,362231300,3640 WHARTON STREET PHILADELPHIA PA 19146,Philadelphia,MORTGAGE FORECLOSURE,,Postponed,,07-07-26 01:20 PM ET,,,,,
1293409,Preview,23600,07-07-26 10:00 AM,07-07-26 01:20 PM,PARKER MCCAY P.A.,241191,2605-314,344380000,1018 NORTH 66TH STREET PHILADELPHIA PA 19151,Philadelphia,MORTGAGE FORECLOSURE,,Postponed,,07-07-26 01:20 PM ET,,,,,
1270354,Preview,29000,07-07-26 10:00 AM,07-07-26 01:30 PM,FRIEDMAN VARTOLO LLP,334277,2604-454,262387900,2125 RESERVE DRIVE AKA 2125 WEST RESERVE DRIVE PHILADELPHIA PA 19145,Philadelphia,MORTGAGE FORECLOSURE,373000,Sold,62,07-07-26 02:07 PM ET,29000,344000,1186.2,38723,
1274092,Preview,17300,07-07-26 10:00 AM,07-07-26 01:30 PM,"KML LAW GROUP, P.C.",187318,2604-406,102418500,7369 WOOLSTON AVENUE PHILADELPHIA PA 19138,Philadelphia,MORTGAGE FORECLOSURE,127600,Sold,13,07-07-26 01:38 PM ET,17300,110300,637.6,-59718,
1274420,Preview,24900,07-07-26 10:00 AM,07-07-26 01:30 PM,"BROCK & SCOTT, PLLC",167180,2602-314,662333300,203 GREENDALE ROAD PHILADELPHIA PA 19154,Philadelphia,MORTGAGE FORECLOSURE,,Stayed,,07-07-26 01:30 PM ET,,,,,
1274642,Preview,11300,07-07-26 10:00 AM,07-07-26 01:30 PM,HILL WALLACK LLP,56421,2512-351,401116200,5915 CHESTER AVENUE PHILADELPHIA PA 19143,Philadelphia,MORTGAGE FORECLOSURE,,Postponed,,,,,,,
1274654,Preview,16600,07-07-26 10:00 AM,07-07-26 01:30 PM,FRIEDMAN VARTOLO LLP,166833,2604-307,034116100,5927 SPRINGFIELD AVENUE PHILADELPHIA PA 19143,Philadelphia,MORTGAGE FORECLOSURE,,Postponed,,07-07-26 01:30 PM ET,,,,,
1274808,Preview,14100,07-07-26 10:00 AM,07-07-26 01:30 PM,HILL WALLACK LLP,118516,2512-455,651237300,7723 WALKER STREET PHILADELPHIA PA 19136,Philadelphia,MORTGAGE FORECLOSURE,122615,Sold,4,07-07-26 01:30 PM ET,14100,108515,769.6,4099,
1275373,Preview,32500,07-07-26 10:00 AM,07-07-26 01:30 PM,"EISENBERG, GOLD & AGRAWAL, PC",330913,2604-340,451457925,2216 EAST PACIFIC STREET PHILADELPHIA PA 19134,Philadelphia,MORTGAGE FORECLOSURE,,Postponed,,,,,,,
1275425,Preview,14800,07-07-26 10:00 AM,07-07-26 01:30 PM,FRIEDMAN VARTOLO LLP,25111,2512-398,514028300,1641 SOUTH 56TH STREET PHILADELPHIA PA 19143,Philadelphia,MORTGAGE FORECLOSURE,,Postponed,,07-07-26 01:30 PM ET,,,,,
1278538,Preview,27900,07-07-26 10:00 AM,07-07-26 01:30 PM,"BROCK & SCOTT, PLLC",325522,2605-449,451457930,2218 EAST PACIFIC STREET PHILADELPHIA PA 19134,Philadelphia,MORTGAGE FORECLOSURE,,Stayed,,07-07-26 01:30 PM ET,,,,,
1278604,Preview,15700,07-07-26 10:00 AM,07-07-26 01:30 PM,"STERN & EISENBERG, PC",80087,2607-315,071333700,3051 NORTH LEE STREET PHILADELPHIA PA 19134,Philadelphia,MORTGAGE FORECLOSURE,31700,Sold to Plaintiff,9,07-07-26 01:30 PM ET,15700,16000,101.9,-48387,
1278610,Preview,9500,07-07-26 10:00 AM,07-07-26 01:30 PM,FRIEDMAN VARTOLO LLP,185845,2607-321,042112100,36 NORTH 59TH STREET PHILADELPHIA PA 19139,Philadelphia,MORTGAGE FORECLOSURE,,Postponed,,,,,,,
1278616,Preview,10800,07-07-26 10:00 AM,07-07-26 01:30 PM,"STERN & EISENBERG, PC",267171,2607-327,512014000,1502 S 53RD STREET AKA 1502 S. 53RD STREET PHILADELPHIA PA 19143,Philadelphia,MORTGAGE FORECLOSURE,30800,Sold to Plaintiff,11,07-07-26 01:30 PM ET,10800,20000,185.2,-236371,
1279057,Preview,31100,07-07-26 10:00 AM,07-07-26 01:30 PM,"STERN & EISENBERG, PC",577143,2607-313,871132650,2840 WEST GIRARD AVENUE PHILADELPHIA PA 19130,Philadelphia,MORTGAGE FORECLOSURE,301000,Sold to Plaintiff,4,07-07-26 01:30 PM ET,31100,269900,867.8,-276143,
1279063,Preview,16300,07-07-26 10:00 AM,07-07-26 01:30 PM,"RAS CITRON, LLC",62921,2607-336,482187500,2007 SOUTH 22ND STREET PHILADELPHIA PA 19145,Philadelphia,MORTGAGE FORECLOSURE,120600,Sold,47,07-07-26 02:37 PM ET,16300,104300,639.9,57679,
1279069,Preview,7500,07-07-26 10:00 AM,07-07-26 01:30 PM,FRIEDMAN VARTOLO LLP,166478,2607-342,432129900,3550 NORTH WARNOCK STREET PHILADELPHIA PA 19140,Philadelphia,MORTGAGE FORECLOSURE,,Postponed,,,,,,,
1279075,Preview,14800,07-07-26 10:00 AM,07-07-26 01:30 PM,"BROCK & SCOTT, PLLC",177969,2607-348,611353800,136 EAST WALNUT PARK DRIVE PHILADELPHIA PA 19120,Philadelphia,MORTGAGE FORECLOSURE,134777,Sold to Plaintiff,9,07-07-26 01:33 PM ET,14800,119977,810.7,-43192,
1279543,Preview,125500,07-07-26 10:00 AM,07-07-26 01:30 PM,WEBER GALLAGHER SIMPSON STAPLETON FIRES & NEWBY LLP,1100542,2607-397A & 2607-397C & 2607-397B,471103300 & 471103500 & 471103400,1418 MASTER STREET PHILADELPHIA PA 19121 & 1422 MASTER STREET PHILADELPHIA PA 19121 & 1420 MASTER STREET PHILADELPHIA PA 19121,Philadelphia,MORTGAGE FORECLOSURE,125500,Sold to Plaintiff,1,07-07-26 01:30 PM ET,125500,0,0.0,-975042,
1280013,Preview,9300,07-07-26 10:00 AM,07-07-26 01:30 PM,LOGS LEGAL GROUP LLP,90834,2607-401,402259100,6329 BUIST AVENUE PHILADELPHIA PA 19142,Philadelphia,MORTGAGE FORECLOSURE,,Postponed,,07-07-26 01:30 PM ET,,,,,
1280019,Preview,13500,07-07-26 10:00 AM,07-07-26 01:30 PM,HILL WALLACK LLP,212584,2607-407,591109100,716 EAST RITTENHOUSE STREET PHILADELPHIA PA 19144,Philadelphia,MORTGAGE FORECLOSURE,31500,Sold to Plaintiff,10,07-07-26 01:30 PM ET,13500,18000,133.3,-181084,
1280025,Preview,17500,07-07-26 10:00 AM,07-07-26 01:30 PM,HILL WALLACK LLP,68339,2607-413,292180900,2916 WEST GIRARD AVENUE PHILADELPHIA PA 19130,Philadelphia,MORTGAGE FORECLOSURE,,Postponed,,07-07-26 01:30 PM ET,,,,,
1280031,Preview,40600,07-07-26 10:00 AM,07-07-26 01:30 PM,HLADIK ONORATO & FEDERMAN LLP,441589,2607-423B & 2607-423A & 2607-423C,441028800 & 441027300 & 462038700,5334 RACE STREET PHILADELPHIA PA 19139 & 5304 RACE STREET PHILADELPHIA PA 19139 & 5248 RODMAN STREET PHILADELPHIA PA 19143,Philadelphia,MORTGAGE FORECLOSURE,40600,Sold to Plaintiff,1,07-07-26 01:30 PM ET,40600,0,0.0,-400989,
1281119,Preview,14300,07-07-26 10:00 AM,07-07-26 01:30 PM,FRIEDMAN VARTOLO LLP,144200,2603-307,042264300,348 NORTH SALFORD STREET PHILADELPHIA PA 19139,Philadelphia,MORTGAGE FORECLOSURE,40300,Sold to Plaintiff,14,07-07-26 01:30 PM ET,14300,26000,181.8,-103900,
1281321,Preview,45300,07-07-26 10:00 AM,07-07-26 01:30 PM,"ROBERTSON, ANSCHUTZ, SCHNEID, CRANE & PARTNERS, PLLC",85362,2407-326,353188300,6200 HASBROOK AVENUE PHILADELPHIA PA 19111,Philadelphia,MORTGAGE FORECLOSURE,,Stayed,,07-07-26 01:30 PM ET,,,,,
1281364,Preview,7600,07-07-26 10:00 AM,07-07-26 01:30 PM,FRIEDMAN VARTOLO LLP,194379,2603-446,121062200,52 COLLOM STREET A/K/A 52 EAST COLLOM STREET PHILADELPHIA PA 19144,Philadelphia,MORTGAGE FORECLOSURE,,Postponed,,,,,,,
1281382,Preview,22500,07-07-26 10:00 AM,07-07-26 01:30 PM,"ROBERTSON, ANSCHUTZ, SCHNEID, CRANE & PARTNERS, PLLC",210801,2605-390,502322700,1100 EAST SHARPNACK STREET PHILADELPHIA PA 19150,Philadelphia,MORTGAGE FORECLOSURE,,Postponed,,07-07-26 01:30 PM ET,,,,,
1281553,Preview,10000,07-07-26 10:00 AM,07-07-26 01:30 PM,"BROCK & SCOTT, PLLC",46864,2601-384,342286400,1542 NORTH ROBINSON STREET PHILADELPHIA PA 19151,Philadelphia,MORTGAGE FORECLOSURE,,Postponed,,07-07-26 01:30 PM ET,,,,,
1281656,Preview,16600,07-07-26 10:00 AM,07-07-26 01:30 PM,"ROBERTSON, ANSCHUTZ, SCHNEID, CRANE & PARTNERS, PLLC",145937,2511-406,561401200,1211 FAUNCE STREET PHILADELPHIA PA 19111,Philadelphia,MORTGAGE FORECLOSURE,,Postponed,,07-07-26 01:30 PM ET,,,,,
1281827,Preview,23600,07-07-26 10:00 AM,07-07-26 01:30 PM,THE MANLEY LAW FIRM LLC,139825,2605-339,551371400,3223 BRIGHTON STREET PHILADELPHIA PA 19149,Philadelphia,MORTGAGE FORECLOSURE,,Postponed,,07-07-26 01:30 PM ET,,,,,
1282027,Preview,19100,07-07-26 10:00 AM,07-07-26 01:30 PM,MANLEY DEAS KOCHALSKI LLC,146265,2505-346,344117100,7352 WOODCREST AVENUE PHILADELPHIA PA 19151,Philadelphia,MORTGAGE FORECLOSURE,,Postponed,,07-07-26 01:30 PM ET,,,,,
1282073,Preview,9800,07-07-26 10:00 AM,07-07-26 01:30 PM,"STERN & EISENBERG, PC",91076,2602-325,041157800,111 NORTH 55TH STREET PHILADELPHIA PA 19139,Philadelphia,MORTGAGE FORECLOSURE,,Postponed,,07-07-26 01:30 PM ET,,,,,
1282085,Preview,27300,07-07-26 10:00 AM,07-07-26 01:30 PM,FRIEDMAN VARTOLO LLP,91704,2603-364,621572005,6301 CARDIFF STREET PHILADELPHIA PA 19149,Philadelphia,MORTGAGE FORECLOSURE,,Postponed,,07-07-26 01:30 PM ET,,,,,
1282091,Preview,15700,07-07-26 10:00 AM,07-07-26 01:30 PM,HILL WALLACK LLP,354247,2603-425,321145600,1703 ARLINGTON STREET PHILADELPHIA PA 19121,Philadelphia,MORTGAGE FORECLOSURE,,Postponed,,,,,,,
1282247,Preview,18400,07-07-26 10:00 AM,07-07-26 01:30 PM,BARLEY SNYDER LLP,264986,2604-440,351308200,5720 WEYMOUTH STREET PHILADELPHIA PA 19120,Philadelphia,MORTGAGE FORECLOSURE,,Postponed,,,,,,,
1282259,Preview,11500,07-07-26 10:00 AM,07-07-26 01:30 PM,"ROBERTSON, ANSCHUTZ, SCHNEID, CRANE & PARTNERS, PLLC",97670,2605-354,401001000,1824 SOUTH 57TH STREET PHILADELPHIA PA 19143,Philadelphia,MORTGAGE FORECLOSURE,,Postponed,,07-07-26 01:30 PM ET,,,,,
1282271,Preview,9400,07-07-26 10:00 AM,07-07-26 01:30 PM,FRIEDMAN VARTOLO LLP,20446,2605-406,072213700,257 WEST SEDGELY AVENUE PHILADELPHIA PA 19140,Philadelphia,MORTGAGE FORECLOSURE,,Postponed,,07-07-26 01:30 PM ET,,,,,
1282453,Preview,23000,07-07-26 10:00 AM,07-07-26 01:30 PM,FRIEDMAN VARTOLO LLP,11988,2601-372,651059800,4234 OAKMONT STREET PHILADELPHIA PA 19136,Philadelphia,MORTGAGE FORECLOSURE,,Postponed,,07-07-26 01:30 PM ET,,,,,
1282503,Preview,16200,07-07-26 10:00 AM,07-07-26 01:30 PM,"EISENBERG, GOLD & AGRAWAL, P.C.",227164,2605-311,514194700,1637 SOUTH 55TH STREET PHILADELPHIA PA 19143,Philadelphia,MORTGAGE FORECLOSURE,,Postponed,,07-07-26 01:30 PM ET,,,,,
1282871,Preview,15700,07-07-26 10:00 AM,07-07-26 01:30 PM,HILL WALLACK LLP,508036,2601-389,364000070,1547 SOUTH 31ST STREET PHILADELPHIA PA 19146,Philadelphia,MORTGAGE FORECLOSURE,31700,Sold to Plaintiff,9,07-07-26 01:30 PM ET,15700,16000,101.9,-476336,
1286610,Preview,14700,07-07-26 10:00 AM,07-07-26 01:30 PM,"PINCUS & TARAB, ATTORNEYS AT LAW, PLLC",79457,2509-301,513091100,5616 THOMAS AVENUE PHILADELPHIA PA 19143,Philadelphia,MORTGAGE FORECLOSURE,,Postponed,,07-07-26 01:30 PM ET,,,,,
1286939,Preview,117400,07-07-26 10:00 AM,07-07-26 01:30 PM,"FLEISCHER FLEISCHER & SUGLIA, PC",1956847,2504-305,888501206,500-06 WALNUT STREET UNIT 204 PHILADELPHIA PA 19106,Philadelphia,MORTGAGE FORECLOSURE,,Postponed,,07-07-26 01:30 PM ET,,,,,
1286971,Preview,17300,07-07-26 10:00 AM,07-07-26 01:30 PM,"BROCK & SCOTT, PLLC",145785,2512-379,611331600,136 EAST 64TH AVENUE PHILADELPHIA PA 19120,Philadelphia,MORTGAGE FORECLOSURE,,Postponed,,07-07-26 01:30 PM ET,,,,,
1286977,Preview,21400,07-07-26 10:00 AM,07-07-26 01:30 PM,ROMANO GARUBO & ARGENTIERI,159201,2601-352,501004500,7236 FORREST AVENUE PHILADELPHIA PA 19138,Philadelphia,MORTGAGE FORECLOSURE,,Postponed,,07-07-26 01:30 PM ET,,,,,
1286995,Preview,162500,07-07-26 10:00 AM,07-07-26 01:30 PM,FLECK ECKERT KLEIN  LLC,1207422,2603-456,881070277,2613 WEST GIRARD AVENUE PHILADELPHIA PA 19130,Philadelphia,MORTGAGE FORECLOSURE,,Postponed,,,,,,,
1287025,Preview,12700,07-07-26 10:00 AM,07-07-26 01:30 PM,"ROBERTSON, ANSCHUTZ, SCHNEID, CRANE & PARTNERS, PLLC",127712,2605-365,888303722,2112 CHRISTIAN STREET APT C PHILADELPHIA PA 19146,Philadelphia,MORTGAGE FORECLOSURE,,Postponed,,07-07-26 01:30 PM ET,,,,,
1287055,Preview,45700,07-07-26 10:00 AM,07-07-26 01:30 PM,"MCCABE, WEISBERG & CONWAY, LLC",782481,2606-391,183181700,1803 NORTH 6TH STREET PHILADELPHIA PA 19122,Philadelphia,MORTGAGE FORECLOSURE,,Postponed,,07-07-26 01:30 PM ET,,,,,
1287421,Preview,17200,07-07-26 10:00 AM,07-07-26 01:30 PM,"STERN & EISENBERG, PC",184857,2511-375,343358000,1804 NORTH 77TH STREET PHILADELPHIA PA 19151,Philadelphia,MORTGAGE FORECLOSURE,,Postponed,,07-07-26 01:30 PM ET,,,,,
1287463,Preview,36100,07-07-26 10:00 AM,07-07-26 01:30 PM,FRIEDMAN VARTOLO LLP,37936,2604-375,273050000,1213 SOUTH 49TH STREET PHILADELPHIA PA 19143,Philadelphia,MORTGAGE FORECLOSURE,,Postponed,,,,,,,
1287667,Preview,39900,07-07-26 10:00 AM,07-07-26 01:30 PM,"ECKERT SEAMANS CHERIN & MELLOTT, LLC",339838,2305-328,493243000,6404 NORTH PARK AVENUE PHILADELPHIA PA 19126,Philadelphia,MORTGAGE FORECLOSURE,61300,Sold to Plaintiff,4,07-07-26 01:32 PM ET,39900,21400,53.6,-278538,
1292067,Preview,10600,07-07-26 10:00 AM,07-07-26 01:30 PM,FRIEDMAN VARTOLO LLP,110166,2606-440,121013400,318 SHEDAKER STREET A/K/A 318 EAST SHEDAKER STREET PHILADELPHIA PA 19144,Philadelphia,MORTGAGE FORECLOSURE,36600,Sold to Plaintiff,12,07-07-26 01:30 PM ET,10600,26000,245.3,-73566,
1292420,Preview,63500,07-07-26 10:00 AM,07-07-26 01:30 PM,STERN & EISENBERG PC,192716,2605-393,123157900,4626 GREENE STREET PHILADELPHIA PA 19144,Philadelphia,MORTGAGE FORECLOSURE,,Postponed,,07-07-26 01:30 PM ET,,,,,
1293410,Preview,14300,07-07-26 10:00 AM,07-07-26 01:30 PM,"MCCALLA RAYMER LEIBERT PIERCE, LLP",247648,2606-316,062409000,863 NORTH 47TH STREET PHILADELPHIA PA 19139,Philadelphia,MORTGAGE FORECLOSURE,40300,Sold to Plaintiff,14,07-07-26 01:30 PM ET,14300,26000,181.8,-207348,
1293627,Preview,34400,07-07-26 10:00 AM,07-07-26 01:30 PM,"HLADIK, ONORATO & FEDERMAN, LLP",88791,2504-445,513168400,5543 MALCOLM STREET PHILADELPHIA PA 19143,Philadelphia,MORTGAGE FORECLOSURE,,Postponed,,07-07-26 01:30 PM ET,,,,,
1267782,Preview,21900,07-07-26 10:00 AM,07-07-26 01:40 PM,HLADIK ONORATO & FEDERMAN LLP,218705,2603-400,604116100,5624 OSAGE AVENUE PHILADELPHIA PA 19143,Philadelphia,MORTGAGE FORECLOSURE,,Stayed,,07-07-26 01:40 PM ET,,,,,
1274421,Preview,12800,07-07-26 10:00 AM,07-07-26 01:40 PM,"BROCK & SCOTT, PLLC",148727,2604-349,531252600,6026 AGUSTA STREET PHILADELPHIA PA 19149,Philadelphia,MORTGAGE FORECLOSURE,106600,Sold,15,07-07-26 01:40 PM ET,12800,93800,732.8,-42127,
1275445,Preview,25500,07-07-26 10:00 AM,07-07-26 01:40 PM,STERN & EISENBERG PC,188249,2603-354,663196600,12140 ASTER ROAD A/K/A LOT 188 ASTER ROAD RAMBLER PARK PHILADELPHIA PA 19154,Philadelphia,MORTGAGE FORECLOSURE,216000,Sold to Plaintiff,7,07-07-26 01:40 PM ET,25500,190500,747.1,27751,
1275729,Preview,23500,07-07-26 10:00 AM,07-07-26 01:40 PM,"MCCABE, WEISBERG, & CONWAY, LLC",152957,2511-351,604125900,5653 ADDISON STREET PHILADELPHIA PA 19143,Philadelphia,MORTGAGE FORECLOSURE,,Postponed,,07-07-26 01:40 PM ET,,,,,
1276419,Preview,30100,07-07-26 10:00 AM,07-07-26 01:40 PM,FRIEDMAN VARTOLO LLP,394622,2607-306,462079600,5024 WALTON AVENUE PHILADELPHIA PA 19143,Philadelphia,MORTGAGE FORECLOSURE,298777,Sold to Plaintiff,8,07-07-26 01:40 PM ET,30100,268677,892.6,-95845,
1278532,Preview,13100,07-07-26 10:00 AM,07-07-26 01:40 PM,"STERN & EISENBERG, PC",27957,2604-305,394486100,2418 SOUTH WATTS STREET PHILADELPHIA PA 19148,Philadelphia,MORTGAGE FORECLOSURE,,Postponed,,07-07-26 01:40 PM ET,,,,,
1278605,Preview,23800,07-07-26 10:00 AM,07-07-26 01:40 PM,"STERN & EISENBERG, PC",190617,2607-316,663217900,12338 WYNDOM ROAD PHILADELPHIA PA 19154,Philadelphia,MORTGAGE FORECLOSURE,,Postponed,,,,,,,
1278611,Preview,13300,07-07-26 10:00 AM,07-07-26 01:40 PM,KML LAW GROUP P.C.,148240,2607-322,412152500,4205 BLEIGH AVENUE PHILADELPHIA PA 19136,Philadelphia,MORTGAGE FORECLOSURE,124580,Sold,3,07-07-26 01:40 PM ET,13300,111280,836.7,-23660,
1278617,Preview,13800,07-07-26 10:00 AM,07-07-26 01:40 PM,"STERN & EISENBERG, PC",291848,2607-328,871551530,2609 GERMANTOWN AVENUE PHILADELPHIA PA 19133,Philadelphia,MORTGAGE FORECLOSURE,,Postponed,,,,,,,
1279058,Preview,22300,07-07-26 10:00 AM,07-07-26 01:40 PM,STERN & EISENBERG PC,87938,2607-331,102339500,2149 STENTON AVENUE AKA 2149 STENTON AVENUE PHILADELPHIA PA 19138,Philadelphia,MORTGAGE FORECLOSURE,39000,Sold to Plaintiff,6,07-07-26 01:40 PM ET,22300,16700,74.9,-48938,
1279064,Preview,21300,07-07-26 10:00 AM,07-07-26 01:40 PM,"KML LAW GROUP, P.C.",183555,2607-337,662319000,166 RIDGEFIELD ROAD PHILADELPHIA PA 19154,Philadelphia,MORTGAGE FORECLOSURE,,Postponed,,07-07-26 01:51 PM ET,,,,,
1279070,Preview,21400,07-07-26 10:00 AM,07-07-26 01:40 PM,"MCCABE, WEISBERG, & CONWAY, LLC",282624,2607-343,395283100,2817 SOUTH 11TH STREET PHILADELPHIA PA 19148,Philadelphia,MORTGAGE FORECLOSURE,,Postponed,,07-07-26 01:40 PM ET,,,,,
1279082,Preview,13100,07-07-26 10:00 AM,07-07-26 01:40 PM,"RAS CITRON, LLC",182882,2607-355,102481200,7614 GILBERT STREET PHILADELPHIA PA 19150,Philadelphia,MORTGAGE FORECLOSURE,,Postponed,,07-07-26 01:40 PM ET,,,,,
1279088,Preview,16100,07-07-26 10:00 AM,07-07-26 01:40 PM,"KML LAW GROUP, P.C.",212826,2607-361,411158800,4521 MCKINLEY STREET PHILADELPHIA PA 19135,Philadelphia,MORTGAGE FORECLOSURE,134200,Sold,2,07-07-26 01:40 PM ET,16100,118100,733.5,-78626,
1279094,Preview,14400,07-07-26 10:00 AM,07-07-26 01:40 PM,ORLANS ASSOCIATES PC,67095,2607-367,482112800,2438 DURFOR STREET PHILADELPHIA PA 19145,Philadelphia,MORTGAGE FORECLOSURE,,Postponed,,,,,,,
1279100,Preview,15000,07-07-26 10:00 AM,07-07-26 01:40 PM,"ROBERTSON, ANSCHUTZ, SCHNEID, CRANE & PARTNERS, PLLC",216648,2607-373,101136900,7011 ANDREWS AVENUE PHILADELPHIA PA 19138,Philadelphia,MORTGAGE FORECLOSURE,,Postponed,,,,,,,
1279106,Preview,10700,07-07-26 10:00 AM,07-07-26 01:40 PM,OBERMAYER REBMANN MAXWELL & HIPPEL LLP,530483,2607-379,282004400,2348 NORTH 29TH STREET PHILADELPHIA PA 19132,Philadelphia,MORTGAGE FORECLOSURE,,Postponed,,,,,,,
1279118,Preview,28000,07-07-26 10:00 AM,07-07-26 01:40 PM,"MCCARTER & ENGLISH, LLP",1007285,2607-391B & 2607-391A,552359300 & 622411800,6119 ALGARD STREET PHILADELPHIA PA 19135 & 5014 GLENLOCH STREET PHILADELPHIA PA 19124,Philadelphia,MORTGAGE FORECLOSURE,,Stayed,,07-07-26 01:40 PM ET,,,,,
1279893,Preview,28700,07-07-26 10:00 AM,07-07-26 01:40 PM,"STERN & EISENBERG, PC",436934,2601-371,493131700,6349 NORTH 12TH STREET PHILADELPHIA PA 19141,Philadelphia,MORTGAGE FORECLOSURE,,Postponed,,07-07-26 01:40 PM ET,,,,,
1280014,Preview,49700,07-07-26 10:00 AM,07-07-26 01:40 PM,"LAROCCA, HORNIK, GREENBERG, KITTREDGE, CARLIN & MCPARTLAND LLP",942197,2607-402,152005200,2031 SPRING GARDEN STREET PHILADELPHIA PA 19130,Philadelphia,MORTGAGE FORECLOSURE,501000,Sold to Plaintiff,10,07-07-26 01:40 PM ET,49700,451300,908.0,-441197,
1280020,Preview,18500,07-07-26 10:00 AM,07-07-26 01:40 PM,LOGS LEGAL GROUP LLP,289252,2607-408,202271500,1418 BETSY ROSS PLACE PHILADELPHIA PA 19122,Philadelphia,MORTGAGE FORECLOSURE,,Postponed,,07-07-26 01:40 PM ET,,,,,
1280026,Preview,13500,07-07-26 10:00 AM,07-07-26 01:40 PM,"HLADIK, ONORATO & FEDERMAN, LLP",119962,2607-418,392201700,337 GLADSTONE STREET PHILADELPHIA PA 19148,Philadelphia,MORTGAGE FORECLOSURE,134000,Sold,23,07-07-26 02:20 PM ET,13500,120500,892.6,14038,
1280032,Preview,24400,07-07-26 10:00 AM,07-07-26 01:40 PM,HILL WALLACK LLP,335808,2607-424,181132100,1424 EAST PALMER STREET PHILADELPHIA PA 19125,Philadelphia,MORTGAGE FORECLOSURE,,Postponed,,07-07-26 01:40 PM ET,,,,,
1280254,Preview,17500,07-07-26 10:00 AM,07-07-26 01:40 PM,"PRESSMAN, DOYLE, BLOOM & YORK",42412,2504-321,243084100,766 NORTH 37TH STREET PHILADELPHIA PA 19104,Philadelphia,MORTGAGE FORECLOSURE,,Postponed,,07-07-26 01:40 PM ET,,,,,
1280381,Preview,86400,07-07-26 10:00 AM,07-07-26 01:40 PM,HLADIK ONORATO AND FEDERMAN LLP,44937,2607-414,632246000,8640 FERNDALE STREET PHILADELPHIA PA 19115,Philadelphia,MORTGAGE FORECLOSURE,,Postponed,,,,,,,
1281108,Preview,40900,07-07-26 10:00 AM,07-07-26 01:40 PM,DUANE MORRIS LLP,633755,2505-414,882928185, 5436-5438 NORTH 5TH STREET PHILADELPHIA PA 19120,Philadelphia,MORTGAGE FORECLOSURE,351000,Sold,55,07-07-26 01:57 PM ET,40900,310100,758.2,-282755,
1281322,Preview,36400,07-07-26 10:00 AM,07-07-26 01:40 PM,"STERN & EISENBERG, PC",130040,2506-348B & 2506-348C & 2506-348A,282037200 & 403194400 & 161085200,2716 NORTH HOLLYWOOD STREET PHILADELPHIA PA 19132 & 2038 AIKENS STREET PHILADELPHIA PA 19142 & 2522 NORTH 16TH STREET PHILADELPHIA PA 19132,Philadelphia,MORTGAGE FORECLOSURE,81000,Sold to Plaintiff,7,07-07-26 01:40 PM ET,36400,44600,122.5,-49040,
1281663,Preview,16100,07-07-26 10:00 AM,07-07-26 01:40 PM,ORLANS LAW GROUP PLLC,74772,2605-370,611276700,226 WEST GODFREY AVENUE PHILADELPHIA PA 19120,Philadelphia,MORTGAGE FORECLOSURE,,Postponed,,,,,,,
1282022,Preview,25100,07-07-26 10:00 AM,07-07-26 01:40 PM,"PINCUS LAW GROUP, PLLC",35461,2504-371,471291510,1607 NORTH 18TH STREET PHILADELPHIA PA 19121,Philadelphia,MORTGAGE FORECLOSURE,,Postponed,,,,,,,
1282046,Preview,15600,07-07-26 10:00 AM,07-07-26 01:40 PM,MDK LEGAL,105439,2510-439,343008000,6416 VINE STREET PHILADELPHIA PA 19139,Philadelphia,MORTGAGE FORECLOSURE,,Postponed,,07-07-26 01:40 PM ET,,,,,
1282086,Preview,15800,07-07-26 10:00 AM,07-07-26 01:40 PM,HLADIK ONORATO & FEDERMAN LLP,307102,2603-399,502396100,1129 SLOCUM STREET PHILADELPHIA PA 19150,Philadelphia,MORTGAGE FORECLOSURE,,Stayed,,07-07-26 01:40 PM ET,,,,,
1282092,Preview,12700,07-07-26 10:00 AM,07-07-26 01:40 PM,HILL WALLACK LLP,108351,2603-426,122222900,5520 CHEW AVENUE PHILADELPHIA PA 19138,Philadelphia,MORTGAGE FORECLOSURE,,Postponed,,,,,,,
1282248,Preview,45400,07-07-26 10:00 AM,07-07-26 01:40 PM,"MCCABE, WEISBERG, & CONWAY, LLC",430139,2605-304,888046611,"258 SOUTH 3RD STREET UNIT 1, PHILADELPHIA PA 19106",Philadelphia,MORTGAGE FORECLOSURE,,Postponed,,,,,,,
1282254,Preview,12100,07-07-26 10:00 AM,07-07-26 01:40 PM,"FEIN, SUCH, KAHN & SHEPARD, P.C.",191099,2605-327,363150500,2039 PIERCE STREET PHILADELPHIA PA 19145,Philadelphia,MORTGAGE FORECLOSURE,,Postponed,,07-07-26 01:40 PM ET,,,,,
1282266,Preview,22300,07-07-26 10:00 AM,07-07-26 01:40 PM,MDK LEGAL,126292,2605-384,352183300,342 STEVENS STREET PHILADELPHIA PA 19111,Philadelphia,MORTGAGE FORECLOSURE,,Postponed,,07-07-26 01:40 PM ET,,,,,
1282272,Preview,40600,07-07-26 10:00 AM,07-07-26 01:40 PM,"ROMANO GARUBO & ARFENTIERI, COUNSELORS AT LAW LLC",82563,2605-411,161244200,2223 NORTH 18TH STREET PHILADELPHIA PA 19132,Philadelphia,MORTGAGE FORECLOSURE,,Postponed,,07-07-26 01:40 PM ET,,,,,
1282435,Preview,11900,07-07-26 10:00 AM,07-07-26 01:40 PM,FRIEDMAN VARTOLO LLP,241760,2507-426,422235700,269 WEST WELLENS STREET PHILADELPHIA PA 19120,Philadelphia,MORTGAGE FORECLOSURE,,Postponed,,07-07-26 01:40 PM ET,,,,,
1282448,Preview,15500,07-07-26 10:00 AM,07-07-26 01:40 PM,"STERN & EISENBERG, PC",43612,2512-395,111369900,2710 NORTH 23RD STREET PHILADELPHIA PA 19132,Philadelphia,MORTGAGE FORECLOSURE,,Stayed,,07-07-26 01:40 PM ET,,,,,
1282495,Preview,15900,07-07-26 10:00 AM,07-07-26 01:40 PM,"MCCABE WEISBERG & CONWAY, LLC",108834,2604-376,032253500,427 COBBS CREEK PARKWAY PHILADELPHIA PA 19143,Philadelphia,MORTGAGE FORECLOSURE,65900,Sold to Plaintiff,26,07-07-26 01:52 PM ET,15900,50000,314.5,-42934,
1282571,Preview,159500,07-07-26 10:00 AM,07-07-26 01:40 PM,HLADIK ONORATO AND FEDERMAN LLP,274345,2605-335,662289604,3566 DOWS ROAD PHILADELPHIA PA 19154,Philadelphia,MORTGAGE FORECLOSURE,,Postponed,,07-07-26 01:40 PM ET,,,,,
1282876,Preview,23800,07-07-26 10:00 AM,07-07-26 01:40 PM,BARLEY SNYDER,335004,2604-398,033170700,5916 LATONA STREET PHILADELPHIA PA 19143,Philadelphia,MORTGAGE FORECLOSURE,,Stayed,,07-07-26 01:40 PM ET,,,,,
1285397,Preview,23600,07-07-26 10:00 AM,07-07-26 01:40 PM,"EISENBERG, GOLD & AGRAWAL, PC",20555,2606-382,392129500,517 TREE STREET PHILADELPHIA PA 19148,Philadelphia,MORTGAGE FORECLOSURE,45600,Sold to Plaintiff,12,07-07-26 01:44 PM ET,23600,22000,93.2,25045,
1286091,Preview,26000,07-07-26 10:00 AM,07-07-26 01:40 PM,ORLANS LAW GROUP PLLC,160507,2604-437,342123300,6018 HAZELHURST STREET PHILADELPHIA PA 19151,Philadelphia,MORTGAGE FORECLOSURE,,Postponed,,,,,,,
1286940,Preview,23900,07-07-26 10:00 AM,07-07-26 01:40 PM,"MCCABE WEISBERG & CONWAY, LLC",48629,2504-392,243081500,714 NORTH 37TH STREET PHILADELPHIA PA 19104,Philadelphia,MORTGAGE FORECLOSURE,,Postponed,,07-07-26 01:40 PM ET,,,,,
1286953,Preview,22500,07-07-26 10:00 AM,07-07-26 01:40 PM,"POWERS KIRN, LLC",395702,2510-368,214133708,832 AYRDALE ROAD PHILADELPHIA PA 19128,Philadelphia,MORTGAGE FORECLOSURE,297250,Sold,10,07-07-26 01:40 PM ET,22500,274750,1221.1,-98452,
1286978,Preview,137600,07-07-26 10:00 AM,07-07-26 01:40 PM,FLECK ECKERT KLEIN  LLC,2165155,2601-398,882923790,1101-11 WEST ALLEGHENY AVENUE PHILADELPHIA PA 19133,Philadelphia,MORTGAGE FORECLOSURE,,Postponed,,,,,,,
1287062,Preview,17600,07-07-26 10:00 AM,07-07-26 01:40 PM,THE LAW OFFICE OF GREGORY JAVARDIAN LLC,123575,2606-420,502157400,8608 THOURON AVENUE PHILADELPHIA PA 19150,Philadelphia,MORTGAGE FORECLOSURE,,Postponed,,07-07-26 01:40 PM ET,,,,,
1287190,Preview,15100,07-07-26 10:00 AM,07-07-26 01:40 PM,GINGO PALUMBO LAW GROUP LLC,154667,2605-423,364009200,2331 GERRITT STREET PHILADELPHIA PA 19146,Philadelphia,MORTGAGE FORECLOSURE,86000,Sold to Plaintiff,19,07-07-26 01:43 PM ET,15100,70900,469.5,-68667,
1293118,Preview,68700,07-07-26 10:00 AM,07-07-26 01:40 PM,"KAPLIN STEWART MELOFF REITER & STEIN, P.C.",402313,2601-349,871030400,1400 SOUTH 2ND STREET PHILADELPHIA PA 19147,Philadelphia,MORTGAGE FORECLOSURE,,Postponed,,07-07-26 01:40 PM ET,,,,,
1293411,Preview,13100,07-07-26 10:00 AM,07-07-26 01:40 PM,"MCCALLA RAYMER LEIBERT PIERCE, LLP",117989,2606-340,111112200,2116 WEST CLEARFIELD STREET PHILADELPHIA PA 19132,Philadelphia,MORTGAGE FORECLOSURE,,Postponed,,07-07-26 01:40 PM ET,,,,,
1293628,Preview,22200,07-07-26 10:00 AM,07-07-26 01:40 PM,"HLADIK, ONORATO & FEDERMAN, LLP",217201,2607-419,394182700,2511 SOUTH 11TH STREET PHILADELPHIA PA 19148,Philadelphia,MORTGAGE FORECLOSURE,,Postponed,,07-07-26 01:40 PM ET,,,,,
1267728,Preview,15900,07-07-26 10:00 AM,07-07-26 01:50 PM,"ROBERTSON, ANSCHUTZ, SCHNEID, CRANE & PARTNERS, PLLC",132059,2512-428,502243600,8022 WILLIAMS AVENUE PHILADELPHIA PA 19150,Philadelphia,MORTGAGE FORECLOSURE,81900,Sold to Plaintiff,18,07-07-26 01:50 PM ET,15900,66000,415.1,-50159,
1267783,Preview,23400,07-07-26 10:00 AM,07-07-26 01:50 PM,HLADIK ONORATO AND FEDERMAN LLP,356488,2603-402,031156400,214 SOUTH 60TH STREET PHILADELPHIA PA 19139,Philadelphia,MORTGAGE FORECLOSURE,,Stayed,,07-07-26 01:50 PM ET,,,,,
1273210,Preview,25600,07-07-26 10:00 AM,07-07-26 01:50 PM,"KML LAW GROUP, P.C.",153851,2603-376,582576300,11717 STEVENS ROAD PHILADELPHIA PA 19116,Philadelphia,MORTGAGE FORECLOSURE,,Stayed,,07-07-26 01:50 PM ET,,,,,
1274810,Preview,18600,07-07-26 10:00 AM,07-07-26 01:50 PM,HILL WALLACK LLP,217230,2601-362,393271600,908 HOFFMAN STREET PHILADELPHIA PA 19148,Philadelphia,MORTGAGE FORECLOSURE,,Postponed,,,,,,,
1275375,Preview,30100,07-07-26 10:00 AM,07-07-26 01:50 PM,"BROCK & SCOTT, PLLC",320129,2604-348,451457915,2212 EAST PACIFIC STREET PHILADELPHIA PA 19134,Philadelphia,MORTGAGE FORECLOSURE,,Stayed,,07-07-26 01:50 PM ET,,,,,
1275410,Preview,27200,07-07-26 10:00 AM,07-07-26 01:50 PM,LOGS LEGAL GROUP LLP,206869,2508-465,501479600,1608 EAST MOUNT PLEASANT AVENUE PHILADELPHIA PA 19150,Philadelphia,MORTGAGE FORECLOSURE,,Postponed,,07-07-26 01:50 PM ET,,,,,
1276278,Preview,11200,07-07-26 10:00 AM,07-07-26 01:50 PM,"MCCABE, WEISBERG & CONWAY, P.C.",91832,2402-375,592049000,460 EAST COSGROVE STREET PHILADELPHIA PA 19144,Philadelphia,MORTGAGE FORECLOSURE,,Postponed,,,,,,,
1278606,Preview,23900,07-07-26 10:00 AM,07-07-26 01:50 PM,ROMANO GARUBO & ARGENTIERI,248650,2607-317,572197907,8211 NARVON STREET PHILADELPHIA PA 19136,Philadelphia,MORTGAGE FORECLOSURE,,Postponed,,07-07-26 01:50 PM ET,,,,,
1278612,Preview,21800,07-07-26 10:00 AM,07-07-26 01:50 PM,SULLIVAN NIMEROFF BROWN HILL LLC,349174,2607-323,611438200,1021 LAKESIDE AVENUE PHILADELPHIA PA 19126,Philadelphia,MORTGAGE FORECLOSURE,,Postponed,,07-07-26 01:50 PM ET,,,,,
1279059,Preview,14400,07-07-26 10:00 AM,07-07-26 01:50 PM,STERN & EISENBERG PC,158466,2607-332,102248400,1715 MOHICAN STREET PHILADELPHIA PA 19138,Philadelphia,MORTGAGE FORECLOSURE,,Postponed,,,,,,,
1279071,Preview,19100,07-07-26 10:00 AM,07-07-26 01:50 PM,"MCCABE WEISBERG & CONWAY, LLC",203886,2607-344,393093300,743 TREE STREET PHILADELPHIA PA 19148,Philadelphia,MORTGAGE FORECLOSURE,203350,Sold,2,07-07-26 01:50 PM ET,19100,184250,964.7,-536,
1279077,Preview,18600,07-07-26 10:00 AM,07-07-26 01:50 PM,THE LAW OFFICE OF GREGORY JAVARDIAN LLC,25201,2607-350,531084700,1317 LEVICK STREET PHILADELPHIA PA 19111,Philadelphia,MORTGAGE FORECLOSURE,147000,Sold,57,07-07-26 02:25 PM ET,18600,128400,690.3,121799,
1279083,Preview,23000,07-07-26 10:00 AM,07-07-26 01:50 PM,"RAS CITRON, LLC",117355,2607-356,591134100,923 EAST RITTENHOUSE STREET PHILADELPHIA PA 19138,Philadelphia,MORTGAGE FORECLOSURE,,Postponed,,,,,,,
1279095,Preview,19000,07-07-26 10:00 AM,07-07-26 01:50 PM,"EISENBERG, GOLD & AGRAWAL, PC",65567,2607-368,101363000,1984 ASHLEY ROAD A/K/A 1984 ASHLEY STREET PHILADELPHIA PA 19138,Philadelphia,MORTGAGE FORECLOSURE,117100,Sold,25,07-07-26 02:17 PM ET,19000,98100,516.3,51533,
1279107,Preview,7800,07-07-26 10:00 AM,07-07-26 01:50 PM,"OBERMAYER REBMANN MAXELL HIPPEL, LP",515005,2607-380,871537900,2352 NORTH 29TH STREET PHILADELPHIA PA 19132,Philadelphia,MORTGAGE FORECLOSURE,,Postponed,,07-07-26 01:50 PM ET,,,,,
1279113,Preview,23900,07-07-26 10:00 AM,07-07-26 01:50 PM,MDK LEGAL,187998,2607-386,612288800,5859 NORTH 6TH STREET PHILADELPHIA PA 19120,Philadelphia,MORTGAGE FORECLOSURE,,Postponed,,07-07-26 01:50 PM ET,,,,,
1279119,Preview,34100,07-07-26 10:00 AM,07-07-26 01:50 PM,"MCCARTER & ENGLISH, LLP",1007285,2607-392A & 2607-392C & 2607-392B,132233400 & 331351700 & 331150000,3973 ELSER STREET PHILADELPHIA PA 19140 & 3329 H STREET PHILADELPHIA PA 19134 & 745 EAST THAYER STREET PHILADELPHIA PA 19134,Philadelphia,MORTGAGE FORECLOSURE,,Stayed,,07-07-26 01:50 PM ET,,,,,
1279539,Preview,25700,07-07-26 10:00 AM,07-07-26 01:50 PM,"MCCARTER & ENGLISH, LLP",1007285,2607-393A & 2607-393B & 2607-393C,452136700 & 452364600 & 452139000,2057 E ATLANTIC STREET PHILADELPHIA PA 19134 & 3449 JASPER STREET PHILADELPHIA PA 19134 & 2068 KINGSTON STREET PHILADELPHIA PA 19134,Philadelphia,MORTGAGE FORECLOSURE,,Stayed,,07-07-26 01:50 PM ET,,,,,
1280015,Preview,12100,07-07-26 10:00 AM,07-07-26 01:50 PM,"LAROCCA, HORNIK, GREENBERG, KITTREDGE, CARLIN & MCPARTLAND LLP",333593,2607-403,453258400,4493 EDGEMONT STREET PHILADELPHIA PA 19137,Philadelphia,MORTGAGE FORECLOSURE,,Stayed,,07-07-26 01:50 PM ET,,,,,
1280033,Preview,11000,07-07-26 10:00 AM,07-07-26 01:50 PM,BARLEY SNYDER LLP,28480,2607-425,332487100,4143 MAYWOOD STREET PHILADELPHIA PA 19124,Philadelphia,MORTGAGE FORECLOSURE,,Postponed,,07-07-26 01:50 PM ET,,,,,
1280255,Preview,34200,07-07-26 10:00 AM,07-07-26 01:50 PM,"PRESSMAN & DOYLE, LLC",40645,2506-306,221149400,45 MONTANA STREET PHILADELPHIA PA 19119,Philadelphia,MORTGAGE FORECLOSURE,,Postponed,,07-07-26 01:50 PM ET,,,,,
1280382,Preview,36700,07-07-26 10:00 AM,07-07-26 01:50 PM,HLADIK ONORATO AND FEDERMAN LLP,71992,2607-415,101386400,1934 74TH AVENUE PHILADELPHIA PA 19138,Philadelphia,MORTGAGE FORECLOSURE,,Postponed,,,,,,,
1281114,Preview,25500,07-07-26 10:00 AM,07-07-26 01:50 PM,"ROBERTSON, ANSCHUTZ, SCHNEID, CRANE & PARTNERS, PLLC",507720,2511-405,301235300,2011 CARPENTER STREET PHILADELPHIA PA 19146,Philadelphia,MORTGAGE FORECLOSURE,281000,Sold to Plaintiff,7,07-07-26 01:54 PM ET,25500,255500,1002.0,-226720,
1281360,Preview,18800,07-07-26 10:00 AM,07-07-26 01:50 PM,"KML LAW GROUP, P.C.",175013,2603-374,353073700,320 GILHAM STREET PHILADELPHIA PA 19111,Philadelphia,MORTGAGE FORECLOSURE,,Stayed,,07-07-26 01:50 PM ET,,,,,
1281367,Preview,25100,07-07-26 10:00 AM,07-07-26 01:50 PM,"KML LAW GROUP, P.C.",153797,2604-409,632305500,8965 TURTON DRIVE PHILADELPHIA PA 19115,Philadelphia,MORTGAGE FORECLOSURE,,Postponed,,,,,,,
1281377,Preview,9800,07-07-26 10:00 AM,07-07-26 01:50 PM,FRIEDMAN VARTOLO LLP,185483,2605-341,042266400,432 NORTH SALFORD STREET PHILADELPHIA PA 19151,Philadelphia,MORTGAGE FORECLOSURE,,Postponed,,07-07-26 01:50 PM ET,,,,,
1281384,Preview,13400,07-07-26 10:00 AM,07-07-26 01:50 PM,FRIEDMAN VARTOLO LLP,661803,2605-407,111040610,2313 WEST SOMERSET STREET PHILADELPHIA PA 19132,Philadelphia,MORTGAGE FORECLOSURE,50400,Sold to Plaintiff,17,07-07-26 01:55 PM ET,13400,37000,276.1,-611403,
1281391,Preview,19900,07-07-26 10:00 AM,07-07-26 01:50 PM,FRIEDMAN VARTOLO LLP,233961,2605-446,323053700,2721 WEST GLENWOOD AVENUE PHILADELPHIA PA 19121,Philadelphia,MORTGAGE FORECLOSURE,,Postponed,,07-07-26 01:50 PM ET,,,,,
1282041,Preview,20700,07-07-26 10:00 AM,07-07-26 01:50 PM,ORLANS LAW GROUP PLLC,215438,2508-352,342169900,1661 NORTH REDFIELD STREET PHILADELPHIA PA 19151,Philadelphia,MORTGAGE FORECLOSURE,,Postponed,,,,,,,
1282087,Preview,12100,07-07-26 10:00 AM,07-07-26 01:50 PM,HILL WALLACK LLP,170117,2603-419,031133900,129 SOUTH REDFIELD STREET PHILADELPHIA PA 19139,Philadelphia,MORTGAGE FORECLOSURE,,Postponed,,,,,,,
1282099,Preview,25300,07-07-26 10:00 AM,07-07-26 01:50 PM,"EISENBERG, GOLD & AGRAWAL, P.C.",274788,2604-368,776330000,5146 NORTH 10TH STREET PHILADELPHIA PA 19141,Philadelphia,MORTGAGE FORECLOSURE,,Postponed,,,,,,,
1282267,Preview,19900,07-07-26 10:00 AM,07-07-26 01:50 PM,LAW OFFICE OF GREGORY JAVARDIAN LLC,210864,2605-386,201031000,1011 WEST OXFORD STREET PHILADELPHIA PA 19122,Philadelphia,MORTGAGE FORECLOSURE,,Postponed,,07-07-26 01:50 PM ET,,,,,
1282279,Preview,9500,07-07-26 10:00 AM,07-07-26 01:50 PM,FRIEDMAN VARTOLO LLP,250557,2605-441,042189700,5834 HAVERFORD AVENUE PHILADELPHIA PA 19131,Philadelphia,MORTGAGE FORECLOSURE,,Postponed,,07-07-26 01:50 PM ET,,,,,
1282449,Preview,30800,07-07-26 10:00 AM,07-07-26 01:50 PM,"POLSINELLI, PC",723335,2601-307,301086600,1415 FITZWATER STREET PHILADELPHIA PA 19146,Philadelphia,MORTGAGE FORECLOSURE,101000,Sold to Plaintiff,23,07-07-26 01:58 PM ET,30800,70200,227.9,-622335,
1282466,Preview,19400,07-07-26 10:00 AM,07-07-26 01:50 PM,STERN & EISENBERG PC,80617,2602-327,406302300,7024 WEST PASSYUNK AVENUE PHILADELPHIA PA 19142,Philadelphia,MORTGAGE FORECLOSURE,,Postponed,,,,,,,
1282488,Preview,12600,07-07-26 10:00 AM,07-07-26 01:50 PM,PADGETT LAW GROUP,203714,2603-414,513240200,5742 PENTRIDGE STREET PHILADELPHIA PA 19143,Philadelphia,MORTGAGE FORECLOSURE,41000,Sold to Plaintiff,12,07-07-26 01:50 PM ET,12600,28400,225.4,-162714,
1282572,Preview,29800,07-07-26 10:00 AM,07-07-26 01:50 PM,"MCCALLA RAYMER LEIBERT PIERCE, LLP",424130,2605-360,212407700,732 SPRING LANE PHILADELPHIA PA 19128,Philadelphia,MORTGAGE FORECLOSURE,,Postponed,,,,,,,
1282878,Preview,10000,07-07-26 10:00 AM,07-07-26 01:50 PM,HLADIK ONORATO AND FEDERMAN LLP,132348,2605-331,403306100,6928 SAYBROOK AVENUE PHILADELPHIA PA 19142,Philadelphia,MORTGAGE FORECLOSURE,,Postponed,,,,,,,
1287027,Preview,21000,07-07-26 10:00 AM,07-07-26 01:50 PM,MATTIONI LTD,463058,2605-375,884461265,2607 FRANKFORD AVENUE PHILADELPHIA PA 19125,Philadelphia,MORTGAGE FORECLOSURE,,Postponed,,,,,,,
1287033,Preview,8900,07-07-26 10:00 AM,07-07-26 01:50 PM,FRIEDMAN VARTOLO LLP,240316,2605-461,311015100,2533 NORTH LEE STREET PHILADELPHIA PA 19125,Philadelphia,MORTGAGE FORECLOSURE,,Postponed,,07-07-26 01:50 PM ET,,,,,
1287957,Preview,24200,07-07-26 10:00 AM,07-07-26 01:50 PM,"BROCK & SCOTT, PLLC",136534,2602-392,663457200,3605 BISCAYNE PLACE PHILADELPHIA PA 19154,Philadelphia,MORTGAGE FORECLOSURE,208100,Sold,22,07-07-26 02:10 PM ET,24200,183900,759.9,71566,
1288246,Preview,15600,07-07-26 10:00 AM,07-07-26 01:50 PM,ORLANS LAW GROUP PLLC,183078,2603-427,043042700,5618 MEDIA STREET PHILADELPHIA PA 19131,Philadelphia,MORTGAGE FORECLOSURE,,Postponed,,07-07-26 01:50 PM ET,,,,,
1289767,Preview,145400,07-07-26 10:00 AM,07-07-26 01:50 PM,STARK & STARK,2278826,2604-444,882028400,338-56 EAST ALLEGHENY AVENUE PHILADELPHIA PA 19135,Philadelphia,MORTGAGE FORECLOSURE,735000,Sold to Plaintiff,1,07-07-26 01:50 PM ET,145400,589600,405.5,-1543826,
1289939,Preview,65100,07-07-26 10:00 AM,07-07-26 01:50 PM,"HLADIK, ONORATO & FEDERMAN, LLP",1929834,2512-407,881069355,1314 NORTH FRONT STREET PHILADELPHIA PA 19122,Philadelphia,MORTGAGE FORECLOSURE,,Postponed,,07-07-26 01:50 PM ET,,,,,
1290452,Preview,26400,07-07-26 10:00 AM,07-07-26 01:50 PM,"STERN & EISENBERG, PC",272029,2509-401,521074400,5351 MORSE STREET PHILADELPHIA PA 19131,Philadelphia,MORTGAGE FORECLOSURE,,Postponed,,07-07-26 01:50 PM ET,,,,,
1293125,Preview,13600,07-07-26 10:00 AM,07-07-26 01:50 PM,KIVITZ & KIVITZ P.C,25000,2604-333,651107600,4401 MARPLE STREET PHILADELPHIA PA 19136,Philadelphia,MORTGAGE FORECLOSURE,,Postponed,,07-07-26 01:50 PM ET,,,,,
1293406,Preview,14200,07-07-26 10:00 AM,07-07-26 01:50 PM,"STERN & EISENBERG, PC",148374,2511-379,604186500,5850 OSAGE AVENUE PHILADELPHIA PA 19143,Philadelphia,MORTGAGE FORECLOSURE,,Postponed,,07-07-26 01:50 PM ET,,,,,
